Taget:,Current:,Delta:,PWM:,pp:,ip:,dp:,
50.0,0.0,50.0,100.555,100.000,0.555,0.000
50.0,29.0,21.0,42.788,42.000,0.788,-0.000
50.0,29.0,21.0,43.021,42.000,1.021,0.000
50.0,29.0,21.0,43.254,42.000,1.254,0.000
50.0,29.5,20.5,42.482,41.000,1.482,-0.000
50.0,29.5,20.5,42.709,41.000,1.709,0.000
50.0,29.5,20.5,42.937,41.000,1.937,0.000
50.0,29.5,20.5,43.165,41.000,2.164,0.000
50.0,30.0,20.0,42.387,40.000,2.387,-0.000
50.0,30.0,20.0,42.609,40.000,2.609,0.000
50.0,30.0,20.0,42.831,40.000,2.831,0.000
50.0,30.0,20.0,43.053,40.000,3.053,0.000
50.0,30.0,20.0,43.275,40.000,3.275,0.000
50.0,30.5,19.5,42.491,39.000,3.491,-0.000
50.0,30.5,19.5,42.707,39.000,3.707,0.000
50.0,30.5,19.5,42.924,39.000,3.924,0.000
50.0,30.5,19.5,43.140,39.000,4.140,0.000
50.0,31.0,19.0,42.351,38.000,4.351,-0.000
50.0,31.0,19.0,42.562,38.000,4.562,0.000
50.0,31.0,19.0,42.773,38.000,4.773,0.000
50.0,31.0,19.0,42.984,38.000,4.984,0.000
50.0,31.0,19.0,43.195,38.000,5.195,0.000
50.0,31.5,18.5,42.400,37.000,5.400,-0.000
50.0,31.5,18.5,42.605,37.000,5.606,0.000
50.0,31.5,18.5,42.811,37.000,5.811,0.000
50.0,31.5,18.5,43.016,37.000,6.016,0.000
50.0,32.0,18.0,42.216,36.000,6.216,-0.000
50.0,32.0,18.0,42.416,36.000,6.416,0.000
50.0,32.0,18.0,42.616,36.000,6.616,0.000
50.0,32.0,18.0,42.815,36.000,6.815,0.000
50.0,32.0,18.0,43.015,36.000,7.015,0.000
50.0,32.5,17.5,42.209,35.000,7.209,-0.000
50.0,32.5,17.5,42.404,35.000,7.404,0.000
50.0,32.5,17.5,42.598,35.000,7.598,0.000
50.0,32.5,17.5,42.792,35.000,7.792,0.000
50.0,32.5,17.5,42.986,35.000,7.986,0.000
50.0,33.0,17.0,42.175,34.000,8.175,-0.000
50.0,33.0,17.0,42.364,34.000,8.364,0.000
50.0,33.0,17.0,42.553,34.000,8.553,0.000
50.0,33.0,17.0,42.741,34.000,8.741,0.000
50.0,33.0,17.0,42.930,34.000,8.930,0.000
50.0,33.0,17.0,43.119,34.000,9.119,0.000
50.0,33.5,16.5,42.302,33.000,9.302,-0.000
50.0,33.5,16.5,42.485,33.000,9.485,0.000
50.0,33.5,16.5,42.668,33.000,9.668,0.000
50.0,33.5,16.5,42.851,33.000,9.851,0.000
50.0,33.5,16.5,43.034,33.000,10.034,0.000
50.0,34.0,16.0,42.212,32.000,10.212,-0.000
50.0,34.0,16.0,42.390,32.000,10.390,0.000
50.0,34.0,16.0,42.567,32.000,10.567,0.000
50.0,34.0,16.0,42.745,32.000,10.745,0.000
50.0,34.0,16.0,42.922,32.000,10.922,0.000
50.0,34.0,16.0,43.100,32.000,11.100,0.000
50.0,34.5,15.5,42.272,31.000,11.272,-0.000
50.0,34.5,15.5,42.444,31.000,11.444,0.000
50.0,34.5,15.5,42.616,31.000,11.616,0.000
50.0,34.5,15.5,42.788,31.000,11.788,0.000
50.0,34.5,15.5,42.960,31.000,11.960,0.000
50.0,34.5,15.5,43.132,31.000,12.132,0.000
50.0,35.0,15.0,42.299,30.000,12.299,-0.000
50.0,35.0,15.0,42.465,30.000,12.465,0.000
50.0,35.0,15.0,42.632,30.000,12.632,0.000
50.0,35.0,15.0,42.798,30.000,12.798,0.000
50.0,35.0,15.0,42.965,30.000,12.965,0.000
50.0,35.0,15.0,43.131,30.000,13.131,0.000
50.0,35.5,14.5,42.292,29.000,13.292,-0.000
50.0,35.5,14.5,42.453,29.000,13.453,0.000
50.0,35.5,14.5,42.614,29.000,13.614,0.000
50.0,35.5,14.5,42.775,29.000,13.775,0.000
50.0,35.5,14.5,42.936,29.000,13.936,0.000
50.0,35.5,14.5,43.097,29.000,14.097,0.000
50.0,35.5,14.5,43.258,29.000,14.258,0.000
50.0,36.0,14.0,42.413,28.000,14.413,-0.000
50.0,36.0,14.0,42.569,28.000,14.569,0.000
50.0,36.0,14.0,42.724,28.000,14.724,0.000
50.0,36.0,14.0,42.880,28.000,14.880,0.000
50.0,36.0,14.0,43.035,28.000,15.035,0.000
50.0,36.0,14.0,43.190,28.000,15.190,0.000
50.0,36.0,14.0,43.346,28.000,15.346,0.000
50.0,36.0,14.0,43.501,28.000,15.501,0.000
50.0,36.5,13.5,42.651,27.000,15.651,-0.000
50.0,36.5,13.5,42.801,27.000,15.801,0.000
50.0,36.5,13.5,42.951,27.000,15.951,0.000
50.0,36.5,13.5,43.101,27.000,16.101,0.000
50.0,36.5,13.5,43.250,27.000,16.250,0.000
50.0,36.5,13.5,43.400,27.000,16.400,0.000
50.0,36.5,13.5,43.550,27.000,16.550,0.000
50.0,36.5,13.5,43.700,27.000,16.700,0.000
50.0,37.0,13.0,42.844,26.000,16.844,-0.000
50.0,37.0,13.0,42.989,26.000,16.989,0.000
50.0,37.0,13.0,43.133,26.000,17.133,0.000
50.0,37.0,13.0,43.277,26.000,17.277,0.000
50.0,37.0,13.0,43.421,26.000,17.421,0.000
50.0,37.0,13.0,43.566,26.000,17.566,0.000
50.0,37.0,13.0,43.710,26.000,17.710,0.000
50.0,37.0,13.0,43.854,26.000,17.854,0.000
50.0,37.0,13.0,43.999,26.000,17.999,0.000
50.0,37.5,12.5,43.137,25.000,18.137,-0.000
50.0,37.5,12.5,43.276,25.000,18.276,0.000
50.0,37.5,12.5,43.415,25.000,18.415,0.000
50.0,37.5,12.5,43.554,25.000,18.554,0.000
50.0,37.5,12.5,43.692,25.000,18.692,0.000
50.0,37.5,12.5,43.831,25.000,18.831,0.000
50.0,37.5,12.5,43.970,25.000,18.970,0.000
50.0,37.5,12.5,44.109,25.000,19.109,0.000
50.0,37.5,12.5,44.247,25.000,19.247,0.000
50.0,38.0,12.0,43.381,24.000,19.381,-0.000
50.0,38.0,12.0,43.514,24.000,19.514,0.000
50.0,38.0,12.0,43.647,24.000,19.647,0.000
50.0,38.0,12.0,43.780,24.000,19.780,0.000
50.0,38.0,12.0,43.913,24.000,19.913,0.000
50.0,38.0,12.0,44.047,24.000,20.047,0.000
50.0,38.0,12.0,44.180,24.000,20.180,0.000
50.0,38.0,12.0,44.313,24.000,20.313,0.000
50.0,38.0,12.0,44.446,24.000,20.446,0.000
50.0,38.0,12.0,44.579,24.000,20.579,0.000
50.0,38.5,11.5,43.707,23.000,20.707,-0.000
50.0,38.5,11.5,43.835,23.000,20.835,0.000
50.0,38.5,11.5,43.962,23.000,20.962,0.000
50.0,38.5,11.5,44.090,23.000,21.090,0.000
50.0,38.5,11.5,44.218,23.000,21.218,0.000
50.0,38.5,11.5,44.345,23.000,21.345,0.000
50.0,38.5,11.5,44.473,23.000,21.473,0.000
50.0,38.5,11.5,44.601,23.000,21.601,0.000
50.0,38.5,11.5,44.728,23.000,21.728,0.000
50.0,38.5,11.5,44.856,23.000,21.856,0.000
50.0,39.0,11.0,43.978,22.000,21.978,-0.000
50.0,39.0,11.0,44.100,22.000,22.100,0.000
50.0,39.0,11.0,44.222,22.000,22.222,0.000
50.0,39.0,11.0,44.344,22.000,22.344,0.000
50.0,39.0,11.0,44.466,22.000,22.466,0.000
50.0,39.0,11.0,44.588,22.000,22.588,0.000
50.0,39.0,11.0,44.711,22.000,22.711,0.000
50.0,39.0,11.0,44.833,22.000,22.833,0.000
50.0,39.0,11.0,44.955,22.000,22.955,0.000
50.0,39.0,11.0,45.077,22.000,23.077,0.000
50.0,39.0,11.0,45.199,22.000,23.199,0.000
50.0,39.5,10.5,44.316,21.000,23.316,-0.000
50.0,39.5,10.5,44.432,21.000,23.432,0.000
50.0,39.5,10.5,44.549,21.000,23.549,0.000
50.0,39.5,10.5,44.665,21.000,23.665,0.000
50.0,39.5,10.5,44.782,21.000,23.782,0.000
50.0,39.5,10.5,44.898,21.000,23.898,0.000
50.0,39.5,10.5,45.015,21.000,24.015,0.000
50.0,39.5,10.5,45.131,21.000,24.131,0.000
50.0,39.5,10.5,45.248,21.000,24.248,0.000
50.0,39.5,10.5,45.365,21.000,24.365,0.000
50.0,39.5,10.5,45.481,21.000,24.481,0.000
50.0,39.5,10.5,45.598,21.000,24.598,0.000
50.0,39.5,10.5,45.714,21.000,24.714,0.000
50.0,40.0,10.0,44.825,20.000,24.825,-0.000
50.0,40.0,10.0,44.936,20.000,24.936,0.000
50.0,40.0,10.0,45.047,20.000,25.047,0.000
50.0,40.0,10.0,45.158,20.000,25.158,0.000
50.0,40.0,10.0,45.269,20.000,25.269,0.000
50.0,40.0,10.0,45.380,20.000,25.380,0.000
50.0,40.0,10.0,45.491,20.000,25.491,0.000
50.0,40.0,10.0,45.602,20.000,25.602,0.000
50.0,40.0,10.0,45.713,20.000,25.713,0.000
50.0,40.0,10.0,45.824,20.000,25.824,0.000
50.0,40.0,10.0,45.935,20.000,25.935,0.000
50.0,40.0,10.0,46.046,20.000,26.046,0.000
50.0,40.5,9.5,45.152,19.000,26.152,-0.000
50.0,40.5,9.5,45.257,19.000,26.257,0.000
50.0,40.5,9.5,45.363,19.000,26.363,0.000
50.0,40.5,9.5,45.468,19.000,26.468,0.000
50.0,40.5,9.5,45.573,19.000,26.573,0.000
50.0,40.5,9.5,45.679,19.000,26.679,0.000
50.0,40.5,9.5,45.784,19.000,26.784,0.000
50.0,40.5,9.5,45.890,19.000,26.890,0.000
50.0,40.5,9.5,45.995,19.000,26.995,0.000
50.0,40.5,9.5,46.101,19.000,27.101,0.000
50.0,40.5,9.5,46.206,19.000,27.206,0.000
50.0,40.5,9.5,46.312,19.000,27.312,0.000
50.0,41.0,9.0,45.411,18.000,27.411,-0.000
50.0,41.0,9.0,45.511,18.000,27.511,0.000
50.0,41.0,9.0,45.611,18.000,27.611,0.000
50.0,41.0,9.0,45.711,18.000,27.711,0.000
50.0,41.0,9.0,45.811,18.000,27.811,0.000
50.0,41.0,9.0,45.911,18.000,27.911,0.000
50.0,41.0,9.0,46.011,18.000,28.011,0.000
50.0,41.0,9.0,46.111,18.000,28.111,0.000
50.0,41.0,9.0,46.211,18.000,28.211,0.000
50.0,41.0,9.0,46.311,18.000,28.311,0.000
50.0,41.0,9.0,46.410,18.000,28.410,0.000
50.0,41.0,9.0,46.510,18.000,28.510,0.000
50.0,41.0,9.0,46.610,18.000,28.610,0.000
50.0,41.0,9.0,46.710,18.000,28.710,0.000
50.0,41.5,8.5,45.805,17.000,28.805,-0.000
50.0,41.5,8.5,45.899,17.000,28.899,0.000
50.0,41.5,8.5,45.993,17.000,28.993,0.000
50.0,41.5,8.5,46.088,17.000,29.088,0.000
50.0,41.5,8.5,46.182,17.000,29.182,0.000
50.0,41.5,8.5,46.276,17.000,29.276,0.000
50.0,41.5,8.5,46.371,17.000,29.371,0.000
50.0,41.5,8.5,46.465,17.000,29.465,0.000
50.0,41.5,8.5,46.559,17.000,29.559,0.000
50.0,41.5,8.5,46.654,17.000,29.654,0.000
50.0,41.5,8.5,46.748,17.000,29.748,0.000
50.0,41.5,8.5,46.842,17.000,29.842,0.000
50.0,41.5,8.5,46.937,17.000,29.937,0.000
50.0,41.5,8.5,47.031,17.000,30.031,0.000
50.0,42.0,8.0,46.120,16.000,30.120,-0.000
50.0,42.0,8.0,46.209,16.000,30.209,0.000
50.0,42.0,8.0,46.297,16.000,30.297,0.000
50.0,42.0,8.0,46.386,16.000,30.386,0.000
50.0,42.0,8.0,46.475,16.000,30.475,0.000
50.0,42.0,8.0,46.564,16.000,30.564,0.000
50.0,42.0,8.0,46.653,16.000,30.653,0.000
50.0,42.0,8.0,46.741,16.000,30.741,0.000
50.0,42.0,8.0,46.830,16.000,30.830,0.000
50.0,42.0,8.0,46.919,16.000,30.919,0.000
50.0,42.0,8.0,47.008,16.000,31.008,0.000
50.0,42.0,8.0,47.097,16.000,31.097,0.000
50.0,42.0,8.0,47.185,16.000,31.185,0.000
50.0,42.0,8.0,47.274,16.000,31.274,0.000
50.0,42.0,8.0,47.363,16.000,31.363,0.000
50.0,42.0,8.0,47.452,16.000,31.452,0.000
50.0,42.0,8.0,47.541,16.000,31.541,0.000
50.0,42.5,7.5,46.624,15.000,31.624,-0.000
50.0,42.5,7.5,46.707,15.000,31.707,0.000
50.0,42.5,7.5,46.790,15.000,31.790,0.000
50.0,42.5,7.5,46.874,15.000,31.874,0.000
50.0,42.5,7.5,46.957,15.000,31.957,0.000
50.0,42.5,7.5,47.040,15.000,32.040,0.000
50.0,42.5,7.5,47.123,15.000,32.123,0.000
50.0,42.5,7.5,47.207,15.000,32.207,0.000
50.0,42.5,7.5,47.290,15.000,32.290,0.000
50.0,42.5,7.5,47.373,15.000,32.373,0.000
50.0,42.5,7.5,47.456,15.000,32.456,0.000
50.0,42.5,7.5,47.540,15.000,32.540,0.000
50.0,42.5,7.5,47.623,15.000,32.623,0.000
50.0,42.5,7.5,47.706,15.000,32.706,0.000
50.0,42.5,7.5,47.789,15.000,32.789,0.000
50.0,42.5,7.5,47.873,15.000,32.873,0.000
50.0,42.5,7.5,47.956,15.000,32.956,0.000
50.0,42.5,7.5,48.039,15.000,33.039,0.000
50.0,42.5,7.5,48.122,15.000,33.122,0.000
50.0,43.0,7.0,47.200,14.000,33.200,-0.000
50.0,43.0,7.0,47.278,14.000,33.278,0.000
50.0,43.0,7.0,47.356,14.000,33.356,0.000
50.0,43.0,7.0,47.433,14.000,33.433,0.000
50.0,43.0,7.0,47.511,14.000,33.511,0.000
50.0,43.0,7.0,47.589,14.000,33.589,0.000
50.0,43.0,7.0,47.666,14.000,33.666,0.000
50.0,43.0,7.0,47.744,14.000,33.744,0.000
50.0,43.0,7.0,47.822,14.000,33.822,0.000
50.0,43.0,7.0,47.899,14.000,33.899,0.000
50.0,43.0,7.0,47.977,14.000,33.977,0.000
50.0,43.0,7.0,48.055,14.000,34.055,0.000
50.0,43.0,7.0,48.133,14.000,34.133,0.000
50.0,43.0,7.0,48.210,14.000,34.210,0.000
50.0,43.0,7.0,48.288,14.000,34.288,0.000
50.0,43.0,7.0,48.366,14.000,34.366,0.000
50.0,43.0,7.0,48.443,14.000,34.443,0.000
50.0,43.0,7.0,48.521,14.000,34.521,0.000
50.0,43.0,7.0,48.599,14.000,34.599,0.000
50.0,43.5,6.5,47.671,13.000,34.671,-0.000
50.0,43.5,6.5,47.743,13.000,34.743,0.000
50.0,43.5,6.5,47.815,13.000,34.815,0.000
50.0,43.5,6.5,47.887,13.000,34.887,0.000
50.0,43.5,6.5,47.959,13.000,34.959,0.000
50.0,43.5,6.5,48.032,13.000,35.032,0.000
50.0,43.5,6.5,48.104,13.000,35.104,0.000
50.0,43.5,6.5,48.176,13.000,35.176,0.000
50.0,43.5,6.5,48.248,13.000,35.248,0.000
50.0,43.5,6.5,48.320,13.000,35.320,0.000
50.0,43.5,6.5,48.392,13.000,35.392,0.000
50.0,43.5,6.5,48.465,13.000,35.465,0.000
50.0,43.5,6.5,48.537,13.000,35.537,0.000
50.0,43.5,6.5,48.609,13.000,35.609,0.000
50.0,43.5,6.5,48.681,13.000,35.681,0.000
50.0,43.5,6.5,48.753,13.000,35.753,0.000
50.0,43.5,6.5,48.825,13.000,35.825,0.000
50.0,43.5,6.5,48.897,13.000,35.897,0.000
50.0,43.5,6.5,48.970,13.000,35.970,0.000
50.0,43.5,6.5,49.042,13.000,36.042,0.000
50.0,43.5,6.5,49.114,13.000,36.114,0.000
50.0,44.0,6.0,48.181,12.000,36.181,-0.000
50.0,44.0,6.0,48.247,12.000,36.247,0.000
50.0,44.0,6.0,48.314,12.000,36.314,0.000
50.0,44.0,6.0,48.380,12.000,36.380,0.000
50.0,44.0,6.0,48.447,12.000,36.447,0.000
50.0,44.0,6.0,48.514,12.000,36.514,0.000
50.0,44.0,6.0,48.580,12.000,36.580,0.000
50.0,44.0,6.0,48.647,12.000,36.647,0.000
50.0,44.0,6.0,48.713,12.000,36.713,0.000
50.0,44.0,6.0,48.780,12.000,36.780,0.000
50.0,44.0,6.0,48.847,12.000,36.847,0.000
50.0,44.0,6.0,48.913,12.000,36.913,0.000
50.0,44.0,6.0,48.980,12.000,36.980,0.000
50.0,44.0,6.0,49.046,12.000,37.046,0.000
50.0,44.0,6.0,49.113,12.000,37.113,0.000
50.0,44.0,6.0,49.180,12.000,37.180,0.000
50.0,44.0,6.0,49.246,12.000,37.246,0.000
50.0,44.0,6.0,49.313,12.000,37.313,0.000
50.0,44.0,6.0,49.379,12.000,37.379,0.000
50.0,44.0,6.0,49.446,12.000,37.446,0.000
50.0,44.5,5.5,48.507,11.000,37.507,-0.000
50.0,44.5,5.5,48.568,11.000,37.568,0.000
50.0,44.5,5.5,48.629,11.000,37.629,0.000
50.0,44.5,5.5,48.690,11.000,37.690,0.000
50.0,44.5,5.5,48.751,11.000,37.751,0.000
50.0,44.5,5.5,48.812,11.000,37.812,0.000
50.0,44.5,5.5,48.873,11.000,37.873,0.000
50.0,44.5,5.5,48.934,11.000,37.934,0.000
50.0,44.5,5.5,48.995,11.000,37.995,0.000
50.0,44.5,5.5,49.056,11.000,38.056,0.000
50.0,44.5,5.5,49.118,11.000,38.118,0.000
50.0,44.5,5.5,49.179,11.000,38.179,0.000
50.0,44.5,5.5,49.240,11.000,38.240,0.000
50.0,44.5,5.5,49.301,11.000,38.301,0.000
50.0,44.5,5.5,49.362,11.000,38.362,0.000
50.0,44.5,5.5,49.423,11.000,38.423,0.000
50.0,44.5,5.5,49.484,11.000,38.484,0.000
50.0,44.5,5.5,49.545,11.000,38.545,0.000
50.0,44.5,5.5,49.606,11.000,38.606,0.000
50.0,44.5,5.5,49.667,11.000,38.667,0.000
50.0,44.5,5.5,49.728,11.000,38.728,0.000
50.0,44.5,5.5,49.789,11.000,38.789,0.000
50.0,44.5,5.5,49.850,11.000,38.850,0.000
50.0,44.5,5.5,49.911,11.000,38.911,0.000
50.0,44.5,5.5,49.972,11.000,38.972,0.000
50.0,45.0,5.0,49.028,10.000,39.028,-0.000
50.0,45.0,5.0,49.083,10.000,39.083,0.000
50.0,45.0,5.0,49.139,10.000,39.139,0.000
50.0,45.0,5.0,49.194,10.000,39.194,0.000
50.0,45.0,5.0,49.250,10.000,39.250,0.000
50.0,45.0,5.0,49.305,10.000,39.305,0.000
50.0,45.0,5.0,49.361,10.000,39.361,0.000
50.0,45.0,5.0,49.416,10.000,39.416,0.000
50.0,45.0,5.0,49.472,10.000,39.472,0.000
50.0,45.0,5.0,49.527,10.000,39.527,0.000
50.0,45.0,5.0,49.583,10.000,39.583,0.000
50.0,45.0,5.0,49.638,10.000,39.638,0.000
50.0,45.0,5.0,49.694,10.000,39.694,0.000
50.0,45.0,5.0,49.749,10.000,39.749,0.000
50.0,45.0,5.0,49.805,10.000,39.805,0.000
50.0,45.0,5.0,49.860,10.000,39.860,0.000
50.0,45.0,5.0,49.916,10.000,39.916,0.000
50.0,45.0,5.0,49.971,10.000,39.971,0.000
50.0,45.0,5.0,50.027,10.000,40.027,0.000
50.0,45.0,5.0,50.082,10.000,40.082,0.000
50.0,45.0,5.0,50.138,10.000,40.138,0.000
50.0,45.5,4.5,49.188,9.000,40.188,-0.000
50.0,45.5,4.5,49.238,9.000,40.238,0.000
50.0,45.5,4.5,49.288,9.000,40.288,0.000
50.0,45.5,4.5,49.338,9.000,40.338,0.000
50.0,45.5,4.5,49.388,9.000,40.388,0.000
50.0,45.5,4.5,49.437,9.000,40.437,0.000
50.0,45.5,4.5,49.487,9.000,40.487,0.000
50.0,45.5,4.5,49.537,9.000,40.537,0.000
50.0,45.5,4.5,49.587,9.000,40.587,0.000
50.0,45.5,4.5,49.637,9.000,40.637,0.000
50.0,45.5,4.5,49.687,9.000,40.687,0.000
50.0,45.5,4.5,49.737,9.000,40.737,0.000
50.0,45.5,4.5,49.787,9.000,40.787,0.000
50.0,45.5,4.5,49.837,9.000,40.837,0.000
50.0,45.5,4.5,49.887,9.000,40.887,0.000
50.0,45.5,4.5,49.937,9.000,40.937,0.000
50.0,45.5,4.5,49.987,9.000,40.987,0.000
50.0,45.5,4.5,50.037,9.000,41.037,0.000
50.0,45.5,4.5,50.087,9.000,41.087,0.000
50.0,45.5,4.5,50.137,9.000,41.137,0.000
50.0,45.5,4.5,50.187,9.000,41.187,0.000
50.0,45.5,4.5,50.237,9.000,41.237,0.000
50.0,45.5,4.5,50.287,9.000,41.287,0.000
50.0,46.0,4.0,49.331,8.000,41.331,-0.000
50.0,46.0,4.0,49.375,8.000,41.375,0.000
50.0,46.0,4.0,49.420,8.000,41.420,0.000
50.0,46.0,4.0,49.464,8.000,41.464,0.000
50.0,46.0,4.0,49.509,8.000,41.509,0.000
50.0,46.0,4.0,49.553,8.000,41.553,0.000
50.0,46.0,4.0,49.597,8.000,41.597,0.000
50.0,46.0,4.0,49.642,8.000,41.642,0.000
50.0,46.0,4.0,49.686,8.000,41.686,0.000
50.0,46.0,4.0,49.731,8.000,41.731,0.000
50.0,46.0,4.0,49.775,8.000,41.775,0.000
50.0,46.0,4.0,49.819,8.000,41.819,0.000
50.0,46.0,4.0,49.864,8.000,41.864,0.000
50.0,46.0,4.0,49.908,8.000,41.908,0.000
50.0,46.0,4.0,49.953,8.000,41.953,0.000
50.0,46.0,4.0,49.997,8.000,41.997,0.000
50.0,46.0,4.0,50.041,8.000,42.041,0.000
50.0,46.0,4.0,50.086,8.000,42.086,0.000
50.0,46.0,4.0,50.130,8.000,42.130,0.000
50.0,46.0,4.0,50.175,8.000,42.175,0.000
50.0,46.0,4.0,50.219,8.000,42.219,0.000
50.0,46.0,4.0,50.263,8.000,42.263,0.000
50.0,46.0,4.0,50.308,8.000,42.308,0.000
50.0,46.0,4.0,50.352,8.000,42.352,0.000
50.0,46.0,4.0,50.397,8.000,42.397,0.000
50.0,46.0,4.0,50.441,8.000,42.441,0.000
50.0,46.0,4.0,50.485,8.000,42.485,0.000
50.0,46.0,4.0,50.530,8.000,42.530,0.000
50.0,46.0,4.0,50.574,8.000,42.574,0.000
50.0,46.0,4.0,50.619,8.000,42.619,0.000
50.0,46.0,4.0,50.663,8.000,42.663,0.000
50.0,46.0,4.0,50.707,8.000,42.707,0.000
50.0,46.0,4.0,50.752,8.000,42.752,0.000
50.0,46.0,4.0,50.796,8.000,42.796,0.000
50.0,46.0,4.0,50.841,8.000,42.841,0.000
50.0,46.0,4.0,50.885,8.000,42.885,0.000
50.0,46.5,3.5,49.924,7.000,42.924,-0.000
50.0,46.5,3.5,49.963,7.000,42.963,0.000
50.0,46.5,3.5,50.002,7.000,43.002,0.000
50.0,46.5,3.5,50.040,7.000,43.040,0.000
50.0,46.5,3.5,50.079,7.000,43.079,0.000
50.0,46.5,3.5,50.118,7.000,43.118,0.000
50.0,46.5,3.5,50.157,7.000,43.157,0.000
50.0,46.5,3.5,50.196,7.000,43.196,0.000
50.0,46.5,3.5,50.235,7.000,43.235,0.000
50.0,46.5,3.5,50.274,7.000,43.274,0.000
50.0,46.5,3.5,50.312,7.000,43.312,0.000
50.0,46.5,3.5,50.351,7.000,43.351,0.000
50.0,46.5,3.5,50.390,7.000,43.390,0.000
50.0,46.5,3.5,50.429,7.000,43.429,0.000
50.0,46.5,3.5,50.468,7.000,43.468,0.000
50.0,46.5,3.5,50.507,7.000,43.507,0.000
50.0,46.5,3.5,50.546,7.000,43.546,0.000
50.0,46.5,3.5,50.584,7.000,43.584,0.000
50.0,46.5,3.5,50.623,7.000,43.623,0.000
50.0,46.5,3.5,50.662,7.000,43.662,0.000
50.0,46.5,3.5,50.701,7.000,43.701,0.000
50.0,46.5,3.5,50.740,7.000,43.740,0.000
50.0,46.5,3.5,50.779,7.000,43.779,0.000
50.0,46.5,3.5,50.818,7.000,43.818,0.000
50.0,46.5,3.5,50.856,7.000,43.856,0.000
50.0,46.5,3.5,50.895,7.000,43.895,0.000
50.0,46.5,3.5,50.934,7.000,43.934,0.000
50.0,46.5,3.5,50.973,7.000,43.973,0.000
50.0,46.5,3.5,51.012,7.000,44.012,0.000
50.0,46.5,3.5,51.051,7.000,44.051,0.000
50.0,46.5,3.5,51.089,7.000,44.089,0.000
50.0,46.5,3.5,51.128,7.000,44.128,0.000
50.0,46.5,3.5,51.167,7.000,44.167,0.000
50.0,47.0,3.0,50.200,6.000,44.200,-0.000
50.0,47.0,3.0,50.234,6.000,44.234,0.000
50.0,47.0,3.0,50.267,6.000,44.267,0.000
50.0,47.0,3.0,50.300,6.000,44.300,0.000
50.0,47.0,3.0,50.334,6.000,44.334,0.000
50.0,47.0,3.0,50.367,6.000,44.367,0.000
50.0,47.0,3.0,50.400,6.000,44.400,0.000
50.0,47.0,3.0,50.434,6.000,44.434,0.000
50.0,47.0,3.0,50.467,6.000,44.467,0.000
50.0,47.0,3.0,50.500,6.000,44.500,0.000
50.0,47.0,3.0,50.533,6.000,44.533,0.000
50.0,47.0,3.0,50.567,6.000,44.567,0.000
50.0,47.0,3.0,50.600,6.000,44.600,0.000
50.0,47.0,3.0,50.633,6.000,44.633,0.000
50.0,47.0,3.0,50.667,6.000,44.667,0.000
50.0,47.0,3.0,50.700,6.000,44.700,0.000
50.0,47.0,3.0,50.733,6.000,44.733,0.000
50.0,47.0,3.0,50.767,6.000,44.767,0.000
50.0,47.0,3.0,50.800,6.000,44.800,0.000
50.0,47.0,3.0,50.833,6.000,44.833,0.000
50.0,47.0,3.0,50.866,6.000,44.866,0.000
50.0,47.0,3.0,50.900,6.000,44.900,0.000
50.0,47.0,3.0,50.933,6.000,44.933,0.000
50.0,47.0,3.0,50.966,6.000,44.966,0.000
50.0,47.0,3.0,51.000,6.000,45.000,0.000
50.0,47.0,3.0,51.033,6.000,45.033,0.000
50.0,47.0,3.0,51.066,6.000,45.066,0.000
50.0,47.0,3.0,51.100,6.000,45.100,0.000
50.0,47.0,3.0,51.133,6.000,45.133,0.000
50.0,47.0,3.0,51.166,6.000,45.166,0.000
50.0,47.0,3.0,51.199,6.000,45.199,0.000
50.0,47.0,3.0,51.233,6.000,45.233,0.000
50.0,47.0,3.0,51.266,6.000,45.266,0.000
50.0,47.0,3.0,51.299,6.000,45.299,0.000
50.0,47.5,2.5,50.327,5.000,45.327,-0.000
50.0,47.5,2.5,50.355,5.000,45.355,0.000
50.0,47.5,2.5,50.383,5.000,45.383,0.000
50.0,47.5,2.5,50.410,5.000,45.410,0.000
50.0,47.5,2.5,50.438,5.000,45.438,0.000
50.0,47.5,2.5,50.466,5.000,45.466,0.000
50.0,47.5,2.5,50.494,5.000,45.494,0.000
50.0,47.5,2.5,50.521,5.000,45.521,0.000
50.0,47.5,2.5,50.549,5.000,45.549,0.000
50.0,47.5,2.5,50.577,5.000,45.577,0.000
50.0,47.5,2.5,50.605,5.000,45.605,0.000
50.0,47.5,2.5,50.632,5.000,45.632,0.000
50.0,47.5,2.5,50.660,5.000,45.660,0.000
50.0,47.5,2.5,50.688,5.000,45.688,0.000
50.0,47.5,2.5,50.716,5.000,45.716,0.000
50.0,47.5,2.5,50.743,5.000,45.743,0.000
50.0,47.5,2.5,50.771,5.000,45.771,0.000
50.0,47.5,2.5,50.799,5.000,45.799,0.000
50.0,47.5,2.5,50.827,5.000,45.827,0.000
50.0,47.5,2.5,50.854,5.000,45.854,0.000
50.0,47.5,2.5,50.882,5.000,45.882,0.000
50.0,47.5,2.5,50.910,5.000,45.910,0.000
50.0,47.5,2.5,50.938,5.000,45.938,0.000
50.0,47.5,2.5,50.965,5.000,45.965,0.000
50.0,47.5,2.5,50.993,5.000,45.993,0.000
50.0,47.5,2.5,51.021,5.000,46.021,0.000
50.0,47.5,2.5,51.049,5.000,46.049,0.000
50.0,47.5,2.5,51.076,5.000,46.076,0.000
50.0,47.5,2.5,51.104,5.000,46.104,0.000
50.0,47.5,2.5,51.132,5.000,46.132,0.000
50.0,47.5,2.5,51.160,5.000,46.160,0.000
50.0,47.5,2.5,51.187,5.000,46.187,0.000
50.0,47.5,2.5,51.215,5.000,46.215,0.000
50.0,47.5,2.5,51.243,5.000,46.243,0.000
50.0,47.5,2.5,51.271,5.000,46.271,0.000
50.0,47.5,2.5,51.298,5.000,46.298,0.000
50.0,47.5,2.5,51.326,5.000,46.326,0.000
50.0,47.5,2.5,51.354,5.000,46.354,0.000
50.0,47.5,2.5,51.382,5.000,46.382,0.000
50.0,47.5,2.5,51.409,5.000,46.409,0.000
50.0,47.5,2.5,51.437,5.000,46.437,0.000
50.0,47.5,2.5,51.465,5.000,46.465,0.000
50.0,48.0,2.0,50.487,4.000,46.487,-0.000
50.0,48.0,2.0,50.509,4.000,46.509,0.000
50.0,48.0,2.0,50.532,4.000,46.532,0.000
50.0,48.0,2.0,50.554,4.000,46.554,0.000
50.0,48.0,2.0,50.576,4.000,46.576,0.000
50.0,48.0,2.0,50.598,4.000,46.598,0.000
50.0,48.0,2.0,50.620,4.000,46.620,0.000
50.0,48.0,2.0,50.643,4.000,46.643,0.000
50.0,48.0,2.0,50.665,4.000,46.665,0.000
50.0,48.0,2.0,50.687,4.000,46.687,0.000
50.0,48.0,2.0,50.709,4.000,46.709,0.000
50.0,48.0,2.0,50.731,4.000,46.731,0.000
50.0,48.0,2.0,50.754,4.000,46.754,0.000
50.0,48.0,2.0,50.776,4.000,46.776,0.000
50.0,48.0,2.0,50.798,4.000,46.798,0.000
50.0,48.0,2.0,50.820,4.000,46.820,0.000
50.0,48.0,2.0,50.842,4.000,46.842,0.000
50.0,48.0,2.0,50.865,4.000,46.865,0.000
50.0,48.0,2.0,50.887,4.000,46.887,0.000
50.0,48.0,2.0,50.909,4.000,46.909,0.000
50.0,48.0,2.0,50.931,4.000,46.931,0.000
50.0,48.0,2.0,50.953,4.000,46.953,0.000
50.0,48.0,2.0,50.976,4.000,46.976,0.000
50.0,48.0,2.0,50.998,4.000,46.998,0.000
50.0,48.0,2.0,51.020,4.000,47.020,0.000
50.0,48.0,2.0,51.042,4.000,47.042,0.000
50.0,48.0,2.0,51.064,4.000,47.064,0.000
50.0,48.0,2.0,51.087,4.000,47.087,0.000
50.0,48.0,2.0,51.109,4.000,47.109,0.000
50.0,48.0,2.0,51.131,4.000,47.131,0.000
50.0,48.0,2.0,51.153,4.000,47.153,0.000
50.0,48.0,2.0,51.175,4.000,47.175,0.000
50.0,48.0,2.0,51.198,4.000,47.198,0.000
50.0,48.0,2.0,51.220,4.000,47.220,0.000
50.0,48.0,2.0,51.242,4.000,47.242,0.000
50.0,48.0,2.0,51.264,4.000,47.264,0.000
50.0,48.0,2.0,51.286,4.000,47.286,0.000
50.0,48.0,2.0,51.309,4.000,47.309,0.000
50.0,48.0,2.0,51.331,4.000,47.331,0.000
50.0,48.0,2.0,51.353,4.000,47.353,0.000
50.0,48.5,1.5,50.370,3.000,47.370,-0.000
50.0,48.5,1.5,50.386,3.000,47.386,0.000
50.0,48.5,1.5,50.403,3.000,47.403,0.000
50.0,48.5,1.5,50.420,3.000,47.420,0.000
50.0,48.5,1.5,50.436,3.000,47.436,0.000
50.0,48.5,1.5,50.453,3.000,47.453,0.000
50.0,48.5,1.5,50.469,3.000,47.469,0.000
50.0,48.5,1.5,50.486,3.000,47.486,0.000
50.0,48.5,1.5,50.503,3.000,47.503,0.000
50.0,48.5,1.5,50.519,3.000,47.519,0.000
50.0,48.5,1.5,50.536,3.000,47.536,0.000
50.0,48.5,1.5,50.553,3.000,47.553,0.000
50.0,48.5,1.5,50.569,3.000,47.569,0.000
50.0,48.5,1.5,50.586,3.000,47.586,0.000
50.0,48.5,1.5,50.603,3.000,47.603,0.000
50.0,48.5,1.5,50.619,3.000,47.619,0.000
50.0,48.5,1.5,50.636,3.000,47.636,0.000
50.0,48.5,1.5,50.653,3.000,47.653,0.000
50.0,48.5,1.5,50.669,3.000,47.669,0.000
50.0,48.5,1.5,50.686,3.000,47.686,0.000
50.0,48.5,1.5,50.703,3.000,47.703,0.000
50.0,48.5,1.5,50.719,3.000,47.719,0.000
50.0,48.5,1.5,50.736,3.000,47.736,0.000
50.0,48.5,1.5,50.753,3.000,47.753,0.000
50.0,48.5,1.5,50.769,3.000,47.769,0.000
50.0,48.5,1.5,50.786,3.000,47.786,0.000
50.0,48.5,1.5,50.802,3.000,47.802,0.000
50.0,48.5,1.5,50.819,3.000,47.819,0.000
50.0,48.5,1.5,50.836,3.000,47.836,0.000
50.0,48.5,1.5,50.852,3.000,47.852,0.000
50.0,48.5,1.5,50.869,3.000,47.869,0.000
50.0,48.5,1.5,50.886,3.000,47.886,0.000
50.0,48.5,1.5,50.902,3.000,47.902,0.000
50.0,48.5,1.5,50.919,3.000,47.919,0.000
50.0,48.5,1.5,50.936,3.000,47.936,0.000
50.0,48.5,1.5,50.952,3.000,47.952,0.000
50.0,48.5,1.5,50.969,3.000,47.969,0.000
50.0,48.5,1.5,50.986,3.000,47.986,0.000
50.0,48.5,1.5,51.002,3.000,48.002,0.000
50.0,48.5,1.5,51.019,3.000,48.019,0.000
50.0,48.5,1.5,51.036,3.000,48.036,0.000
50.0,48.5,1.5,51.052,3.000,48.052,0.000
50.0,48.5,1.5,51.069,3.000,48.069,0.000
50.0,48.5,1.5,51.086,3.000,48.086,0.000
50.0,48.5,1.5,51.102,3.000,48.102,0.000
50.0,48.5,1.5,51.119,3.000,48.119,0.000
50.0,48.5,1.5,51.136,3.000,48.136,0.000
50.0,48.5,1.5,51.152,3.000,48.152,0.000
50.0,48.5,1.5,51.169,3.000,48.169,0.000
50.0,48.5,1.5,51.185,3.000,48.185,0.000
50.0,48.5,1.5,51.202,3.000,48.202,0.000
50.0,48.5,1.5,51.219,3.000,48.219,0.000
50.0,48.5,1.5,51.235,3.000,48.235,0.000
50.0,48.5,1.5,51.252,3.000,48.252,0.000
50.0,48.5,1.5,51.269,3.000,48.269,0.000
50.0,49.0,1.0,50.280,2.000,48.280,-0.000
50.0,48.5,1.5,51.296,3.000,48.296,0.000
50.0,49.0,1.0,50.308,2.000,48.308,-0.000
50.0,49.0,1.0,50.319,2.000,48.319,0.000
50.0,49.0,1.0,50.330,2.000,48.330,0.000
50.0,49.0,1.0,50.341,2.000,48.341,0.000
50.0,49.0,1.0,50.352,2.000,48.352,0.000
50.0,49.0,1.0,50.363,2.000,48.363,0.000
50.0,49.0,1.0,50.374,2.000,48.374,0.000
50.0,49.0,1.0,50.385,2.000,48.385,0.000
50.0,49.0,1.0,50.396,2.000,48.396,0.000
50.0,49.0,1.0,50.407,2.000,48.407,0.000
50.0,49.0,1.0,50.419,2.000,48.419,0.000
50.0,49.0,1.0,50.430,2.000,48.430,0.000
50.0,49.0,1.0,50.441,2.000,48.441,0.000
50.0,49.0,1.0,50.452,2.000,48.452,0.000
50.0,49.0,1.0,50.463,2.000,48.463,0.000
50.0,49.0,1.0,50.474,2.000,48.474,0.000
50.0,49.0,1.0,50.485,2.000,48.485,0.000
50.0,49.0,1.0,50.496,2.000,48.496,0.000
50.0,49.0,1.0,50.507,2.000,48.507,0.000
50.0,49.0,1.0,50.518,2.000,48.518,0.000
50.0,49.0,1.0,50.530,2.000,48.530,0.000
50.0,49.0,1.0,50.541,2.000,48.541,0.000
50.0,49.0,1.0,50.552,2.000,48.552,0.000
50.0,49.0,1.0,50.563,2.000,48.563,0.000
50.0,49.0,1.0,50.574,2.000,48.574,0.000
50.0,49.0,1.0,50.585,2.000,48.585,0.000
50.0,49.0,1.0,50.596,2.000,48.596,0.000
50.0,49.0,1.0,50.607,2.000,48.607,0.000
50.0,49.0,1.0,50.618,2.000,48.618,0.000
50.0,49.0,1.0,50.629,2.000,48.629,0.000
50.0,49.0,1.0,50.641,2.000,48.641,0.000
50.0,49.0,1.0,50.652,2.000,48.652,0.000
50.0,49.0,1.0,50.663,2.000,48.663,0.000
50.0,49.0,1.0,50.674,2.000,48.674,0.000
50.0,49.0,1.0,50.685,2.000,48.685,0.000
50.0,49.0,1.0,50.696,2.000,48.696,0.000
50.0,49.0,1.0,50.707,2.000,48.707,0.000
50.0,49.0,1.0,50.718,2.000,48.718,0.000
50.0,49.0,1.0,50.729,2.000,48.729,0.000
50.0,49.0,1.0,50.740,2.000,48.740,0.000
50.0,49.0,1.0,50.752,2.000,48.752,0.000
50.0,49.0,1.0,50.763,2.000,48.763,0.000
50.0,49.0,1.0,50.774,2.000,48.774,0.000
50.0,49.0,1.0,50.785,2.000,48.785,0.000
50.0,49.0,1.0,50.796,2.000,48.796,0.000
50.0,49.0,1.0,50.807,2.000,48.807,0.000
50.0,49.0,1.0,50.818,2.000,48.818,0.000
50.0,49.0,1.0,50.829,2.000,48.829,0.000
50.0,49.0,1.0,50.840,2.000,48.840,0.000
50.0,49.0,1.0,50.851,2.000,48.851,0.000
50.0,49.0,1.0,50.863,2.000,48.863,0.000
50.0,49.0,1.0,50.874,2.000,48.874,0.000
50.0,49.0,1.0,50.885,2.000,48.885,0.000
50.0,49.0,1.0,50.896,2.000,48.896,0.000
50.0,49.0,1.0,50.907,2.000,48.907,0.000
50.0,49.0,1.0,50.918,2.000,48.918,0.000
50.0,49.0,1.0,50.929,2.000,48.929,0.000
50.0,49.0,1.0,50.940,2.000,48.940,0.000
50.0,49.0,1.0,50.951,2.000,48.951,0.000
50.0,49.0,1.0,50.962,2.000,48.962,0.000
50.0,49.0,1.0,50.974,2.000,48.974,0.000
50.0,49.0,1.0,50.985,2.000,48.985,0.000
50.0,49.0,1.0,50.996,2.000,48.996,0.000
50.0,49.0,1.0,51.007,2.000,49.007,0.000
50.0,49.0,1.0,51.018,2.000,49.018,0.000
50.0,49.0,1.0,51.029,2.000,49.029,0.000
50.0,49.0,1.0,51.040,2.000,49.040,0.000
50.0,49.0,1.0,51.051,2.000,49.051,0.000
50.0,49.0,1.0,51.062,2.000,49.062,0.000
50.0,49.0,1.0,51.073,2.000,49.073,0.000
50.0,49.0,1.0,51.085,2.000,49.085,0.000
50.0,49.0,1.0,51.096,2.000,49.096,0.000
50.0,49.0,1.0,51.107,2.000,49.107,0.000
50.0,49.0,1.0,51.118,2.000,49.118,0.000
50.0,49.0,1.0,51.129,2.000,49.129,0.000
50.0,49.0,1.0,51.140,2.000,49.140,0.000
50.0,49.0,1.0,51.151,2.000,49.151,0.000
50.0,49.0,1.0,51.162,2.000,49.162,0.000
50.0,49.0,1.0,51.173,2.000,49.173,0.000
50.0,49.0,1.0,51.184,2.000,49.184,0.000
50.0,49.0,1.0,51.196,2.000,49.196,0.000
50.0,49.0,1.0,51.207,2.000,49.207,0.000
50.0,49.0,1.0,51.218,2.000,49.218,0.000
50.0,49.0,1.0,51.229,2.000,49.229,0.000
50.0,49.0,1.0,51.240,2.000,49.240,0.000
50.0,49.0,1.0,51.251,2.000,49.251,0.000
50.0,49.0,1.0,51.262,2.000,49.262,0.000
50.0,49.0,1.0,51.273,2.000,49.273,0.000
50.0,49.0,1.0,51.284,2.000,49.284,0.000
50.0,49.0,1.0,51.295,2.000,49.295,0.000
50.0,49.0,1.0,51.307,2.000,49.307,0.000
50.0,49.0,1.0,51.318,2.000,49.318,0.000
50.0,49.0,1.0,51.329,2.000,49.329,0.000
50.0,49.0,1.0,51.340,2.000,49.340,0.000
50.0,49.0,1.0,51.351,2.000,49.351,0.000
50.0,49.0,1.0,51.362,2.000,49.362,0.000
50.0,49.0,1.0,51.373,2.000,49.373,0.000
50.0,49.0,1.0,51.384,2.000,49.384,0.000
50.0,49.0,1.0,51.395,2.000,49.395,0.000
50.0,49.0,1.0,51.406,2.000,49.406,0.000
50.0,49.0,1.0,51.418,2.000,49.418,0.000
50.0,49.0,1.0,51.429,2.000,49.429,0.000
50.0,49.0,1.0,51.440,2.000,49.440,0.000
50.0,49.0,1.0,51.451,2.000,49.451,0.000
50.0,49.0,1.0,51.462,2.000,49.462,0.000
50.0,49.0,1.0,51.473,2.000,49.473,0.000
50.0,49.0,1.0,51.484,2.000,49.484,0.000
50.0,49.0,1.0,51.495,2.000,49.495,0.000
50.0,49.0,1.0,51.506,2.000,49.506,0.000
50.0,49.0,1.0,51.517,2.000,49.517,0.000
50.0,49.0,1.0,51.529,2.000,49.529,0.000
50.0,49.0,1.0,51.540,2.000,49.540,0.000
50.0,49.0,1.0,51.551,2.000,49.551,0.000
50.0,49.0,1.0,51.562,2.000,49.562,0.000
50.0,49.0,1.0,51.573,2.000,49.573,0.000
50.0,49.0,1.0,51.584,2.000,49.584,0.000
50.0,49.0,1.0,51.595,2.000,49.595,0.000
50.0,49.0,1.0,51.606,2.000,49.606,0.000
50.0,49.0,1.0,51.617,2.000,49.617,0.000
50.0,49.0,1.0,51.628,2.000,49.628,0.000
50.0,49.0,1.0,51.640,2.000,49.640,0.000
50.0,49.0,1.0,51.651,2.000,49.651,0.000
50.0,49.0,1.0,51.662,2.000,49.662,0.000
50.0,49.0,1.0,51.673,2.000,49.673,0.000
50.0,49.0,1.0,51.684,2.000,49.684,0.000
50.0,49.0,1.0,51.695,2.000,49.695,0.000
50.0,49.0,1.0,51.706,2.000,49.706,0.000
50.0,49.0,1.0,51.717,2.000,49.717,0.000
50.0,49.0,1.0,51.728,2.000,49.728,0.000
50.0,49.0,1.0,51.739,2.000,49.739,0.000
50.0,49.0,1.0,51.751,2.000,49.751,0.000
50.0,49.5,0.5,50.756,1.000,49.756,-0.000
50.0,49.5,0.5,50.762,1.000,49.762,0.000
50.0,49.0,1.0,51.773,2.000,49.773,0.000
50.0,49.5,0.5,50.778,1.000,49.778,-0.000
50.0,49.5,0.5,50.784,1.000,49.784,0.000
50.0,49.5,0.5,50.789,1.000,49.789,0.000
50.0,49.5,0.5,50.795,1.000,49.795,0.000
50.0,49.5,0.5,50.801,1.000,49.801,0.000
50.0,49.5,0.5,50.806,1.000,49.806,0.000
50.0,49.5,0.5,50.812,1.000,49.812,0.000
50.0,49.5,0.5,50.817,1.000,49.817,0.000
50.0,49.5,0.5,50.823,1.000,49.823,0.000
50.0,49.5,0.5,50.828,1.000,49.828,0.000
50.0,49.5,0.5,50.834,1.000,49.834,0.000
50.0,49.5,0.5,50.839,1.000,49.839,0.000
50.0,49.5,0.5,50.845,1.000,49.845,0.000
50.0,49.5,0.5,50.850,1.000,49.850,0.000
50.0,49.5,0.5,50.856,1.000,49.856,0.000
50.0,49.5,0.5,50.862,1.000,49.862,0.000
50.0,49.5,0.5,50.867,1.000,49.867,0.000
50.0,49.5,0.5,50.873,1.000,49.873,0.000
50.0,49.5,0.5,50.878,1.000,49.878,0.000
50.0,49.5,0.5,50.884,1.000,49.884,0.000
50.0,49.5,0.5,50.889,1.000,49.889,0.000
50.0,49.5,0.5,50.895,1.000,49.895,0.000
50.0,49.5,0.5,50.900,1.000,49.900,0.000
50.0,49.0,1.0,51.912,2.000,49.912,0.000
50.0,49.5,0.5,50.917,1.000,49.917,-0.000
50.0,49.0,1.0,51.928,2.000,49.928,0.000
50.0,49.5,0.5,50.934,1.000,49.934,-0.000
50.0,49.5,0.5,50.939,1.000,49.939,0.000
50.0,49.5,0.5,50.945,1.000,49.945,0.000
50.0,49.5,0.5,50.950,1.000,49.950,0.000
50.0,49.5,0.5,50.956,1.000,49.956,0.000
50.0,49.5,0.5,50.961,1.000,49.961,0.000
50.0,49.5,0.5,50.967,1.000,49.967,0.000
50.0,49.5,0.5,50.973,1.000,49.973,0.000
50.0,49.5,0.5,50.978,1.000,49.978,0.000
50.0,49.5,0.5,50.984,1.000,49.984,0.000
50.0,49.5,0.5,50.989,1.000,49.989,0.000
50.0,49.5,0.5,50.995,1.000,49.995,0.000
50.0,49.5,0.5,51.000,1.000,50.000,0.000
50.0,49.5,0.5,51.006,1.000,50.006,0.000
50.0,49.5,0.5,51.011,1.000,50.011,0.000
50.0,49.5,0.5,51.017,1.000,50.017,0.000
50.0,49.5,0.5,51.023,1.000,50.023,0.000
50.0,49.5,0.5,51.028,1.000,50.028,0.000
50.0,49.5,0.5,51.034,1.000,50.034,0.000
50.0,49.5,0.5,51.039,1.000,50.039,0.000
50.0,49.5,0.5,51.045,1.000,50.045,0.000
50.0,49.5,0.5,51.050,1.000,50.050,0.000
50.0,49.5,0.5,51.056,1.000,50.056,0.000
50.0,49.5,0.5,51.061,1.000,50.061,0.000
50.0,49.5,0.5,51.067,1.000,50.067,0.000
50.0,49.5,0.5,51.072,1.000,50.072,0.000
50.0,49.5,0.5,51.078,1.000,50.078,0.000
50.0,49.5,0.5,51.084,1.000,50.084,0.000
50.0,49.5,0.5,51.089,1.000,50.089,0.000
50.0,49.5,0.5,51.095,1.000,50.095,0.000
50.0,49.5,0.5,51.100,1.000,50.100,0.000
50.0,49.5,0.5,51.106,1.000,50.106,0.000
50.0,49.5,0.5,51.111,1.000,50.111,0.000
50.0,49.5,0.5,51.117,1.000,50.117,0.000
50.0,49.5,0.5,51.122,1.000,50.122,0.000
50.0,49.5,0.5,51.128,1.000,50.128,0.000
50.0,49.5,0.5,51.134,1.000,50.134,0.000
50.0,49.5,0.5,51.139,1.000,50.139,0.000
50.0,49.5,0.5,51.145,1.000,50.145,0.000
50.0,49.5,0.5,51.150,1.000,50.150,0.000
50.0,49.5,0.5,51.156,1.000,50.156,0.000
50.0,49.5,0.5,51.161,1.000,50.161,0.000
50.0,49.5,0.5,51.167,1.000,50.167,0.000
50.0,49.5,0.5,51.172,1.000,50.172,0.000
50.0,49.5,0.5,51.178,1.000,50.178,0.000
50.0,49.5,0.5,51.184,1.000,50.184,0.000
50.0,49.5,0.5,51.189,1.000,50.189,0.000
50.0,50.0,0.0,50.189,0.000,50.189,-0.000
50.0,49.5,0.5,51.195,1.000,50.195,0.000
50.0,49.5,0.5,51.200,1.000,50.200,0.000
50.0,50.0,0.0,50.200,0.000,50.200,-0.000
50.0,50.0,0.0,50.200,0.000,50.200,0.000
50.0,50.0,0.0,50.200,0.000,50.200,0.000
50.0,50.0,0.0,50.200,0.000,50.200,0.000
50.0,50.0,0.0,50.200,0.000,50.200,0.000
50.0,50.0,0.0,50.200,0.000,50.200,0.000
50.0,49.5,0.5,51.206,1.000,50.206,0.000
50.0,50.0,0.0,50.206,0.000,50.206,-0.000
50.0,50.0,0.0,50.206,0.000,50.206,0.000
50.0,50.0,0.0,50.206,0.000,50.206,0.000
50.0,50.0,0.0,50.206,0.000,50.206,0.000
50.0,50.0,0.0,50.206,0.000,50.206,0.000
50.0,50.0,0.0,50.206,0.000,50.206,0.000
50.0,50.0,0.0,50.206,0.000,50.206,0.000
50.0,50.0,0.0,50.206,0.000,50.206,0.000
50.0,50.0,0.0,50.206,0.000,50.206,0.000
50.0,50.0,0.0,50.206,0.000,50.206,0.000
50.0,50.0,0.0,50.206,0.000,50.206,0.000
50.0,50.0,0.0,50.206,0.000,50.206,0.000
50.0,50.0,0.0,50.206,0.000,50.206,0.000
50.0,50.0,0.0,50.206,0.000,50.206,0.000
50.0,50.0,0.0,50.206,0.000,50.206,0.000
50.0,50.0,0.0,50.206,0.000,50.206,0.000
50.0,50.0,0.0,50.206,0.000,50.206,0.000
50.0,50.0,0.0,50.206,0.000,50.206,0.000
50.0,50.0,0.0,50.206,0.000,50.206,0.000
50.0,50.0,0.0,50.206,0.000,50.206,0.000
50.0,50.0,0.0,50.206,0.000,50.206,0.000
50.0,50.0,0.0,50.206,0.000,50.206,0.000
50.0,50.0,0.0,50.206,0.000,50.206,0.000
50.0,50.0,0.0,50.206,0.000,50.206,0.000
50.0,50.0,0.0,50.206,0.000,50.206,0.000
50.0,50.0,0.0,50.206,0.000,50.206,0.000
50.0,50.0,0.0,50.206,0.000,50.206,0.000
50.0,50.0,0.0,50.206,0.000,50.206,0.000
50.0,50.0,0.0,50.206,0.000,50.206,0.000
50.0,50.0,0.0,50.206,0.000,50.206,0.000
50.0,49.5,0.5,51.211,1.000,50.211,0.000
50.0,50.0,0.0,50.211,0.000,50.211,-0.000
50.0,50.0,0.0,50.211,0.000,50.211,0.000
50.0,50.0,0.0,50.211,0.000,50.211,0.000
50.0,50.0,0.0,50.211,0.000,50.211,0.000
50.0,50.0,0.0,50.211,0.000,50.211,0.000
50.0,50.0,0.0,50.211,0.000,50.211,0.000
50.0,50.0,0.0,50.211,0.000,50.211,0.000
50.0,50.0,0.0,50.211,0.000,50.211,0.000
50.0,50.0,0.0,50.211,0.000,50.211,0.000
50.0,50.0,0.0,50.211,0.000,50.211,0.000
50.0,50.0,0.0,50.211,0.000,50.211,0.000
50.0,50.0,0.0,50.211,0.000,50.211,0.000
50.0,50.0,0.0,50.211,0.000,50.211,0.000
50.0,50.0,0.0,50.211,0.000,50.211,0.000
50.0,50.0,0.0,50.211,0.000,50.211,0.000
50.0,50.0,0.0,50.211,0.000,50.211,0.000
50.0,50.0,0.0,50.211,0.000,50.211,0.000
50.0,50.0,0.0,50.211,0.000,50.211,0.000
50.0,50.0,0.0,50.211,0.000,50.211,0.000
50.0,50.0,0.0,50.211,0.000,50.211,0.000
50.0,50.0,0.0,50.211,0.000,50.211,0.000
50.0,50.0,0.0,50.211,0.000,50.211,0.000
50.0,50.0,0.0,50.211,0.000,50.211,0.000
50.0,50.0,0.0,50.211,0.000,50.211,0.000
50.0,50.0,0.0,50.211,0.000,50.211,0.000
50.0,50.0,0.0,50.211,0.000,50.211,0.000
50.0,50.0,0.0,50.211,0.000,50.211,0.000
50.0,50.0,0.0,50.211,0.000,50.211,0.000
50.0,50.0,0.0,50.211,0.000,50.211,0.000
50.0,50.0,0.0,50.211,0.000,50.211,0.000
50.0,50.0,0.0,50.211,0.000,50.211,0.000
50.0,50.0,0.0,50.211,0.000,50.211,0.000
50.0,50.0,0.0,50.211,0.000,50.211,0.000
50.0,50.0,0.0,50.211,0.000,50.211,0.000
50.0,50.0,0.0,50.211,0.000,50.211,0.000
50.0,50.0,0.0,50.211,0.000,50.211,0.000
50.0,50.0,0.0,50.211,0.000,50.211,0.000
50.0,50.0,0.0,50.211,0.000,50.211,0.000
50.0,50.0,0.0,50.211,0.000,50.211,0.000
50.0,50.0,0.0,50.211,0.000,50.211,0.000
50.0,50.0,0.0,50.211,0.000,50.211,0.000
50.0,50.0,0.0,50.211,0.000,50.211,0.000
50.0,50.0,0.0,50.211,0.000,50.211,0.000
50.0,50.0,0.0,50.211,0.000,50.211,0.000
50.0,50.0,0.0,50.211,0.000,50.211,0.000
50.0,50.0,0.0,50.211,0.000,50.211,0.000
50.0,50.0,0.0,50.211,0.000,50.211,0.000
50.0,50.0,0.0,50.211,0.000,50.211,0.000
50.0,50.0,0.0,50.211,0.000,50.211,0.000
50.0,50.0,0.0,50.211,0.000,50.211,0.000
50.0,50.0,0.0,50.211,0.000,50.211,0.000
50.0,50.0,0.0,50.211,0.000,50.211,0.000
50.0,50.0,0.0,50.211,0.000,50.211,0.000
50.0,50.0,0.0,50.211,0.000,50.211,0.000
50.0,50.0,0.0,50.211,0.000,50.211,0.000
50.0,50.0,0.0,50.211,0.000,50.211,0.000
50.0,50.0,0.0,50.211,0.000,50.211,0.000
50.0,50.0,0.0,50.211,0.000,50.211,0.000
50.0,50.0,0.0,50.211,0.000,50.211,0.000
50.0,50.0,0.0,50.211,0.000,50.211,0.000
50.0,50.0,0.0,50.211,0.000,50.211,0.000
50.0,50.0,0.0,50.211,0.000,50.211,0.000
50.0,50.0,0.0,50.211,0.000,50.211,0.000
50.0,50.0,0.0,50.211,0.000,50.211,0.000
50.0,50.0,0.0,50.211,0.000,50.211,0.000
50.0,50.0,0.0,50.211,0.000,50.211,0.000
50.0,50.0,0.0,50.211,0.000,50.211,0.000
50.0,50.0,0.0,50.211,0.000,50.211,0.000
50.0,50.0,0.0,50.211,0.000,50.211,0.000
50.0,50.0,0.0,50.211,0.000,50.211,0.000
50.0,50.0,0.0,50.211,0.000,50.211,0.000
50.0,50.0,0.0,50.211,0.000,50.211,0.000
50.0,50.0,0.0,50.211,0.000,50.211,0.000
50.0,50.0,0.0,50.211,0.000,50.211,0.000
50.0,50.0,0.0,50.211,0.000,50.211,0.000
50.0,50.0,0.0,50.211,0.000,50.211,0.000
50.0,50.0,0.0,50.211,0.000,50.211,0.000
50.0,50.0,0.0,50.211,0.000,50.211,0.000
50.0,50.0,0.0,50.211,0.000,50.211,0.000
50.0,50.0,0.0,50.211,0.000,50.211,0.000
50.0,50.0,0.0,50.211,0.000,50.211,0.000
50.0,50.0,0.0,50.211,0.000,50.211,0.000
50.0,50.0,0.0,50.211,0.000,50.211,0.000
50.0,50.0,0.0,50.211,0.000,50.211,0.000
50.0,50.0,0.0,50.211,0.000,50.211,0.000
50.0,50.0,0.0,50.211,0.000,50.211,0.000
50.0,50.0,0.0,50.211,0.000,50.211,0.000
50.0,50.0,0.0,50.211,0.000,50.211,0.000
50.0,50.0,0.0,50.211,0.000,50.211,0.000
50.0,50.0,0.0,50.211,0.000,50.211,0.000
50.0,50.0,0.0,50.211,0.000,50.211,0.000
50.0,50.0,0.0,50.211,0.000,50.211,0.000
50.0,50.0,0.0,50.211,0.000,50.211,0.000
50.0,50.0,0.0,50.211,0.000,50.211,0.000
50.0,50.0,0.0,50.211,0.000,50.211,0.000
50.0,50.0,0.0,50.211,0.000,50.211,0.000
50.0,50.0,0.0,50.211,0.000,50.211,0.000
50.0,50.0,0.0,50.211,0.000,50.211,0.000
50.0,50.0,0.0,50.211,0.000,50.211,0.000
50.0,50.0,0.0,50.211,0.000,50.211,0.000
50.0,50.0,0.0,50.211,0.000,50.211,0.000
50.0,50.0,0.0,50.211,0.000,50.211,0.000
50.0,50.0,0.0,50.211,0.000,50.211,0.000
50.0,50.0,0.0,50.211,0.000,50.211,0.000
50.0,50.0,0.0,50.211,0.000,50.211,0.000
50.0,50.5,-0.5,49.206,-1.000,50.206,-0.000
50.0,50.0,0.0,50.206,0.000,50.206,0.000
50.0,50.0,0.0,50.206,0.000,50.206,0.000
50.0,50.0,0.0,50.206,0.000,50.206,0.000
50.0,50.5,-0.5,49.200,-1.000,50.200,-0.000
50.0,50.0,0.0,50.200,0.000,50.200,0.000
50.0,50.0,0.0,50.200,0.000,50.200,0.000
50.0,50.5,-0.5,49.195,-1.000,50.195,-0.000
50.0,50.0,0.0,50.195,0.000,50.195,0.000
50.0,50.5,-0.5,49.189,-1.000,50.189,-0.000
50.0,50.5,-0.5,49.184,-1.000,50.184,0.000
50.0,50.5,-0.5,49.178,-1.000,50.178,0.000
50.0,50.5,-0.5,49.172,-1.000,50.172,0.000
50.0,50.5,-0.5,49.167,-1.000,50.167,0.000
50.0,50.5,-0.5,49.161,-1.000,50.161,0.000
50.0,50.5,-0.5,49.156,-1.000,50.156,0.000
50.0,50.5,-0.5,49.150,-1.000,50.150,0.000
50.0,50.5,-0.5,49.145,-1.000,50.145,0.000
50.0,50.5,-0.5,49.139,-1.000,50.139,0.000
50.0,50.5,-0.5,49.134,-1.000,50.134,0.000
50.0,50.5,-0.5,49.128,-1.000,50.128,0.000
50.0,50.5,-0.5,49.122,-1.000,50.122,0.000
50.0,50.5,-0.5,49.117,-1.000,50.117,0.000
50.0,50.5,-0.5,49.111,-1.000,50.111,0.000
50.0,50.5,-0.5,49.106,-1.000,50.106,0.000
50.0,50.5,-0.5,49.100,-1.000,50.100,0.000
50.0,50.5,-0.5,49.095,-1.000,50.095,0.000
50.0,50.5,-0.5,49.089,-1.000,50.089,0.000
50.0,50.5,-0.5,49.084,-1.000,50.084,0.000
50.0,50.5,-0.5,49.078,-1.000,50.078,0.000
50.0,50.5,-0.5,49.072,-1.000,50.072,0.000
50.0,50.5,-0.5,49.067,-1.000,50.067,0.000
50.0,50.5,-0.5,49.061,-1.000,50.061,0.000
50.0,50.5,-0.5,49.056,-1.000,50.056,0.000
50.0,50.5,-0.5,49.050,-1.000,50.050,0.000
50.0,50.5,-0.5,49.045,-1.000,50.045,0.000
50.0,50.5,-0.5,49.039,-1.000,50.039,0.000
50.0,50.5,-0.5,49.034,-1.000,50.034,0.000
50.0,50.5,-0.5,49.028,-1.000,50.028,0.000
50.0,50.5,-0.5,49.023,-1.000,50.023,0.000
50.0,50.5,-0.5,49.017,-1.000,50.017,0.000
50.0,50.5,-0.5,49.011,-1.000,50.011,0.000
50.0,50.5,-0.5,49.006,-1.000,50.006,0.000
50.0,50.5,-0.5,49.000,-1.000,50.000,0.000
50.0,50.5,-0.5,48.995,-1.000,49.995,0.000
50.0,50.5,-0.5,48.989,-1.000,49.989,0.000
50.0,50.5,-0.5,48.984,-1.000,49.984,0.000
50.0,50.5,-0.5,48.978,-1.000,49.978,0.000
50.0,50.5,-0.5,48.973,-1.000,49.973,0.000
50.0,50.5,-0.5,48.967,-1.000,49.967,0.000
50.0,50.5,-0.5,48.961,-1.000,49.961,0.000
50.0,50.5,-0.5,48.956,-1.000,49.956,0.000
50.0,50.0,0.0,49.956,0.000,49.956,0.000
50.0,50.0,0.0,49.956,0.000,49.956,0.000
50.0,50.0,0.0,49.956,0.000,49.956,0.000
50.0,50.0,0.0,49.956,0.000,49.956,0.000
50.0,50.0,0.0,49.956,0.000,49.956,0.000
50.0,50.5,-0.5,48.950,-1.000,49.950,-0.000
50.0,50.0,0.0,49.950,0.000,49.950,0.000
50.0,50.0,0.0,49.950,0.000,49.950,0.000
50.0,50.0,0.0,49.950,0.000,49.950,0.000
50.0,50.0,0.0,49.950,0.000,49.950,0.000
50.0,50.0,0.0,49.950,0.000,49.950,0.000
50.0,50.0,0.0,49.950,0.000,49.950,0.000
50.0,50.0,0.0,49.950,0.000,49.950,0.000
50.0,50.0,0.0,49.950,0.000,49.950,0.000
50.0,50.0,0.0,49.950,0.000,49.950,0.000
50.0,50.0,0.0,49.950,0.000,49.950,0.000
50.0,50.0,0.0,49.950,0.000,49.950,0.000
50.0,50.0,0.0,49.950,0.000,49.950,0.000
50.0,50.0,0.0,49.950,0.000,49.950,0.000
50.0,50.0,0.0,49.950,0.000,49.950,0.000
50.0,50.0,0.0,49.950,0.000,49.950,0.000
50.0,50.0,0.0,49.950,0.000,49.950,0.000
50.0,50.0,0.0,49.950,0.000,49.950,0.000
50.0,50.0,0.0,49.950,0.000,49.950,0.000
50.0,50.0,0.0,49.950,0.000,49.950,0.000
50.0,50.0,0.0,49.950,0.000,49.950,0.000
50.0,50.0,0.0,49.950,0.000,49.950,0.000
50.0,50.0,0.0,49.950,0.000,49.950,0.000
50.0,50.0,0.0,49.950,0.000,49.950,0.000
50.0,50.0,0.0,49.950,0.000,49.950,0.000
50.0,50.0,0.0,49.950,0.000,49.950,0.000
50.0,50.0,0.0,49.950,0.000,49.950,0.000
50.0,50.0,0.0,49.950,0.000,49.950,0.000
50.0,50.0,0.0,49.950,0.000,49.950,0.000
50.0,50.0,0.0,49.950,0.000,49.950,0.000
50.0,50.0,0.0,49.950,0.000,49.950,0.000
50.0,50.0,0.0,49.950,0.000,49.950,0.000
50.0,50.0,0.0,49.950,0.000,49.950,0.000
50.0,50.0,0.0,49.950,0.000,49.950,0.000
50.0,50.0,0.0,49.950,0.000,49.950,0.000
50.0,50.0,0.0,49.950,0.000,49.950,0.000
50.0,50.0,0.0,49.950,0.000,49.950,0.000
50.0,50.0,0.0,49.950,0.000,49.950,0.000
50.0,50.0,0.0,49.950,0.000,49.950,0.000
50.0,50.0,0.0,49.950,0.000,49.950,0.000
50.0,50.0,0.0,49.950,0.000,49.950,0.000
50.0,50.0,0.0,49.950,0.000,49.950,0.000
50.0,50.0,0.0,49.950,0.000,49.950,0.000
50.0,50.0,0.0,49.950,0.000,49.950,0.000
50.0,50.0,0.0,49.950,0.000,49.950,0.000
50.0,50.0,0.0,49.950,0.000,49.950,0.000
50.0,50.0,0.0,49.950,0.000,49.950,0.000
50.0,50.0,0.0,49.950,0.000,49.950,0.000
50.0,50.0,0.0,49.950,0.000,49.950,0.000
50.0,50.0,0.0,49.950,0.000,49.950,0.000
50.0,50.0,0.0,49.950,0.000,49.950,0.000
50.0,50.0,0.0,49.950,0.000,49.950,0.000
50.0,50.0,0.0,49.950,0.000,49.950,0.000
50.0,50.0,0.0,49.950,0.000,49.950,0.000
50.0,50.0,0.0,49.950,0.000,49.950,0.000
50.0,50.0,0.0,49.950,0.000,49.950,0.000
50.0,50.0,0.0,49.950,0.000,49.950,0.000
50.0,50.0,0.0,49.950,0.000,49.950,0.000
50.0,50.0,0.0,49.950,0.000,49.950,0.000
50.0,50.0,0.0,49.950,0.000,49.950,0.000
50.0,50.0,0.0,49.950,0.000,49.950,0.000
50.0,50.0,0.0,49.950,0.000,49.950,0.000
50.0,50.0,0.0,49.950,0.000,49.950,0.000
50.0,50.0,0.0,49.950,0.000,49.950,0.000
50.0,50.0,0.0,49.950,0.000,49.950,0.000
50.0,50.0,0.0,49.950,0.000,49.950,0.000
50.0,50.0,0.0,49.950,0.000,49.950,0.000
50.0,50.0,0.0,49.950,0.000,49.950,0.000
50.0,50.0,0.0,49.950,0.000,49.950,0.000
50.0,50.0,0.0,49.950,0.000,49.950,0.000
50.0,50.0,0.0,49.950,0.000,49.950,0.000
50.0,50.0,0.0,49.950,0.000,49.950,0.000
50.0,50.5,-0.5,48.945,-1.000,49.945,-0.000
50.0,50.5,-0.5,48.939,-1.000,49.939,0.000
50.0,50.5,-0.5,48.934,-1.000,49.934,0.000
50.0,50.0,0.0,49.934,0.000,49.934,0.000
50.0,50.5,-0.5,48.928,-1.000,49.928,-0.000
50.0,50.0,0.0,49.928,0.000,49.928,0.000
50.0,50.5,-0.5,48.923,-1.000,49.923,-0.000
50.0,50.0,0.0,49.923,0.000,49.923,0.000
50.0,50.5,-0.5,48.917,-1.000,49.917,-0.000
50.0,50.5,-0.5,48.912,-1.000,49.912,0.000
50.0,50.5,-0.5,48.906,-1.000,49.906,0.000
50.0,50.5,-0.5,48.900,-1.000,49.900,0.000
50.0,50.0,0.0,49.900,0.000,49.900,0.000
50.0,50.5,-0.5,48.895,-1.000,49.895,-0.000
50.0,50.0,0.0,49.895,0.000,49.895,0.000
50.0,50.0,0.0,49.895,0.000,49.895,0.000
50.0,50.5,-0.5,48.889,-1.000,49.889,-0.000
50.0,50.5,-0.5,48.884,-1.000,49.884,0.000
50.0,50.5,-0.5,48.878,-1.000,49.878,0.000
50.0,50.5,-0.5,48.873,-1.000,49.873,0.000
50.0,50.5,-0.5,48.867,-1.000,49.867,0.000
50.0,50.5,-0.5,48.862,-1.000,49.862,0.000
50.0,50.0,0.0,49.862,0.000,49.862,0.000
50.0,50.5,-0.5,48.856,-1.000,49.856,-0.000
50.0,50.5,-0.5,48.850,-1.000,49.850,0.000
50.0,50.5,-0.5,48.845,-1.000,49.845,0.000
50.0,50.5,-0.5,48.839,-1.000,49.839,0.000
50.0,50.5,-0.5,48.834,-1.000,49.834,0.000
50.0,50.5,-0.5,48.828,-1.000,49.828,0.000
50.0,50.5,-0.5,48.823,-1.000,49.823,0.000
50.0,50.5,-0.5,48.817,-1.000,49.817,0.000
50.0,50.5,-0.5,48.812,-1.000,49.812,0.000
50.0,50.5,-0.5,48.806,-1.000,49.806,0.000
50.0,50.5,-0.5,48.801,-1.000,49.801,0.000
50.0,50.5,-0.5,48.795,-1.000,49.795,0.000
50.0,50.5,-0.5,48.789,-1.000,49.789,0.000
50.0,50.5,-0.5,48.784,-1.000,49.784,0.000
50.0,50.5,-0.5,48.778,-1.000,49.778,0.000
50.0,50.5,-0.5,48.773,-1.000,49.773,0.000
50.0,50.5,-0.5,48.767,-1.000,49.767,0.000
50.0,50.5,-0.5,48.762,-1.000,49.762,0.000
50.0,50.5,-0.5,48.756,-1.000,49.756,0.000
50.0,50.5,-0.5,48.751,-1.000,49.751,0.000
50.0,50.5,-0.5,48.745,-1.000,49.745,0.000
50.0,50.5,-0.5,48.739,-1.000,49.739,0.000
50.0,50.5,-0.5,48.734,-1.000,49.734,0.000
50.0,50.5,-0.5,48.728,-1.000,49.728,0.000
50.0,50.5,-0.5,48.723,-1.000,49.723,0.000
50.0,50.5,-0.5,48.717,-1.000,49.717,0.000
50.0,50.5,-0.5,48.712,-1.000,49.712,0.000
50.0,50.5,-0.5,48.706,-1.000,49.706,0.000
50.0,50.5,-0.5,48.701,-1.000,49.701,0.000
50.0,50.5,-0.5,48.695,-1.000,49.695,0.000
50.0,50.5,-0.5,48.690,-1.000,49.690,0.000
50.0,50.5,-0.5,48.684,-1.000,49.684,0.000
50.0,50.5,-0.5,48.678,-1.000,49.678,0.000
50.0,50.5,-0.5,48.673,-1.000,49.673,0.000
50.0,50.5,-0.5,48.667,-1.000,49.667,0.000
50.0,50.5,-0.5,48.662,-1.000,49.662,0.000
50.0,50.5,-0.5,48.656,-1.000,49.656,0.000
50.0,50.5,-0.5,48.651,-1.000,49.651,0.000
50.0,50.5,-0.5,48.645,-1.000,49.645,0.000
50.0,50.5,-0.5,48.640,-1.000,49.640,0.000
50.0,50.0,0.0,49.640,0.000,49.640,0.000
50.0,50.0,0.0,49.640,0.000,49.640,0.000
50.0,50.0,0.0,49.640,0.000,49.640,0.000
50.0,50.0,0.0,49.640,0.000,49.640,0.000
50.0,50.0,0.0,49.640,0.000,49.640,0.000
50.0,50.0,0.0,49.640,0.000,49.640,0.000
50.0,50.0,0.0,49.640,0.000,49.640,0.000
50.0,50.0,0.0,49.640,0.000,49.640,0.000
50.0,50.0,0.0,49.640,0.000,49.640,0.000
50.0,50.0,0.0,49.640,0.000,49.640,0.000
50.0,50.0,0.0,49.640,0.000,49.640,0.000
50.0,50.0,0.0,49.640,0.000,49.640,0.000
50.0,50.0,0.0,49.640,0.000,49.640,0.000
50.0,50.0,0.0,49.640,0.000,49.640,0.000
50.0,50.0,0.0,49.640,0.000,49.640,0.000
50.0,50.0,0.0,49.640,0.000,49.640,0.000
50.0,50.0,0.0,49.640,0.000,49.640,0.000
50.0,50.0,0.0,49.640,0.000,49.640,0.000
50.0,50.0,0.0,49.640,0.000,49.640,0.000
50.0,50.0,0.0,49.640,0.000,49.640,0.000
50.0,50.0,0.0,49.640,0.000,49.640,0.000
50.0,50.0,0.0,49.640,0.000,49.640,0.000
50.0,50.0,0.0,49.640,0.000,49.640,0.000
50.0,50.0,0.0,49.640,0.000,49.640,0.000
50.0,50.0,0.0,49.640,0.000,49.640,0.000
50.0,50.0,0.0,49.640,0.000,49.640,0.000
50.0,50.0,0.0,49.640,0.000,49.640,0.000
50.0,50.0,0.0,49.640,0.000,49.640,0.000
50.0,50.0,0.0,49.640,0.000,49.640,0.000
50.0,50.0,0.0,49.640,0.000,49.640,0.000
50.0,50.0,0.0,49.640,0.000,49.640,0.000
50.0,50.0,0.0,49.640,0.000,49.640,0.000
50.0,50.0,0.0,49.640,0.000,49.640,0.000
50.0,50.0,0.0,49.640,0.000,49.640,0.000
50.0,50.0,0.0,49.640,0.000,49.640,0.000
50.0,50.0,0.0,49.640,0.000,49.640,0.000
50.0,50.5,-0.5,48.634,-1.000,49.634,-0.000
50.0,50.5,-0.5,48.628,-1.000,49.628,0.000
50.0,50.0,0.0,49.628,0.000,49.628,0.000
50.0,50.5,-0.5,48.623,-1.000,49.623,-0.000
50.0,50.0,0.0,49.623,0.000,49.623,0.000
50.0,50.0,0.0,49.623,0.000,49.623,0.000
50.0,50.5,-0.5,48.617,-1.000,49.617,-0.000
50.0,50.0,0.0,49.617,0.000,49.617,0.000
50.0,50.5,-0.5,48.612,-1.000,49.612,-0.000
50.0,50.5,-0.5,48.606,-1.000,49.606,0.000
50.0,50.5,-0.5,48.601,-1.000,49.601,0.000
50.0,50.5,-0.5,48.595,-1.000,49.595,0.000
50.0,50.5,-0.5,48.590,-1.000,49.590,0.000
50.0,50.5,-0.5,48.584,-1.000,49.584,0.000
50.0,50.0,0.0,49.584,0.000,49.584,0.000
50.0,50.0,0.0,49.584,0.000,49.584,0.000
50.0,50.5,-0.5,48.579,-1.000,49.579,-0.000
50.0,50.5,-0.5,48.573,-1.000,49.573,0.000
50.0,50.5,-0.5,48.567,-1.000,49.567,0.000
50.0,50.5,-0.5,48.562,-1.000,49.562,0.000
50.0,50.5,-0.5,48.556,-1.000,49.556,0.000
50.0,50.5,-0.5,48.551,-1.000,49.551,0.000
50.0,50.5,-0.5,48.545,-1.000,49.545,0.000
50.0,50.5,-0.5,48.540,-1.000,49.540,0.000
50.0,50.5,-0.5,48.534,-1.000,49.534,0.000
50.0,50.5,-0.5,48.529,-1.000,49.529,0.000
50.0,50.5,-0.5,48.523,-1.000,49.523,0.000
50.0,50.5,-0.5,48.517,-1.000,49.517,0.000
50.0,50.5,-0.5,48.512,-1.000,49.512,0.000
50.0,50.5,-0.5,48.506,-1.000,49.506,0.000
50.0,50.5,-0.5,48.501,-1.000,49.501,0.000
50.0,50.5,-0.5,48.495,-1.000,49.495,0.000
50.0,50.5,-0.5,48.490,-1.000,49.490,0.000
50.0,50.5,-0.5,48.484,-1.000,49.484,0.000
50.0,50.5,-0.5,48.479,-1.000,49.479,0.000
50.0,50.5,-0.5,48.473,-1.000,49.473,0.000
50.0,50.5,-0.5,48.468,-1.000,49.468,0.000
50.0,50.5,-0.5,48.462,-1.000,49.462,0.000
50.0,50.5,-0.5,48.456,-1.000,49.456,0.000
50.0,50.0,0.0,49.456,0.000,49.456,0.000
50.0,50.5,-0.5,48.451,-1.000,49.451,-0.000
50.0,50.5,-0.5,48.445,-1.000,49.445,0.000
50.0,50.5,-0.5,48.440,-1.000,49.440,0.000
50.0,50.5,-0.5,48.434,-1.000,49.434,0.000
50.0,50.0,0.0,49.434,0.000,49.434,0.000
50.0,50.0,0.0,49.434,0.000,49.434,0.000
50.0,50.5,-0.5,48.429,-1.000,49.429,-0.000
50.0,50.0,0.0,49.429,0.000,49.429,0.000
50.0,50.0,0.0,49.429,0.000,49.429,0.000
50.0,50.0,0.0,49.429,0.000,49.429,0.000
50.0,50.0,0.0,49.429,0.000,49.429,0.000
50.0,50.5,-0.5,48.423,-1.000,49.423,-0.000
50.0,50.5,-0.5,48.418,-1.000,49.418,0.000
50.0,50.5,-0.5,48.412,-1.000,49.412,0.000
50.0,50.5,-0.5,48.406,-1.000,49.406,0.000
50.0,50.5,-0.5,48.401,-1.000,49.401,0.000
50.0,50.5,-0.5,48.395,-1.000,49.395,0.000
50.0,50.5,-0.5,48.390,-1.000,49.390,0.000
50.0,50.5,-0.5,48.384,-1.000,49.384,0.000
50.0,50.5,-0.5,48.379,-1.000,49.379,0.000
50.0,50.5,-0.5,48.373,-1.000,49.373,0.000
50.0,50.5,-0.5,48.368,-1.000,49.368,0.000
50.0,50.5,-0.5,48.362,-1.000,49.362,0.000
50.0,50.5,-0.5,48.357,-1.000,49.357,0.000
50.0,50.5,-0.5,48.351,-1.000,49.351,0.000
50.0,50.5,-0.5,48.345,-1.000,49.345,0.000
50.0,50.5,-0.5,48.340,-1.000,49.340,0.000
50.0,50.5,-0.5,48.334,-1.000,49.334,0.000
50.0,50.5,-0.5,48.329,-1.000,49.329,0.000
50.0,50.5,-0.5,48.323,-1.000,49.323,0.000
50.0,50.5,-0.5,48.318,-1.000,49.318,0.000
50.0,50.5,-0.5,48.312,-1.000,49.312,0.000
50.0,50.5,-0.5,48.307,-1.000,49.307,0.000
50.0,50.5,-0.5,48.301,-1.000,49.301,0.000
50.0,50.5,-0.5,48.295,-1.000,49.295,0.000
50.0,50.0,0.0,49.295,0.000,49.295,0.000
50.0,50.5,-0.5,48.290,-1.000,49.290,-0.000
50.0,50.5,-0.5,48.284,-1.000,49.284,0.000
50.0,50.5,-0.5,48.279,-1.000,49.279,0.000
50.0,50.5,-0.5,48.273,-1.000,49.273,0.000
50.0,50.5,-0.5,48.268,-1.000,49.268,0.000
50.0,50.5,-0.5,48.262,-1.000,49.262,0.000
50.0,50.5,-0.5,48.257,-1.000,49.257,0.000
50.0,50.5,-0.5,48.251,-1.000,49.251,0.000
50.0,50.5,-0.5,48.246,-1.000,49.246,0.000
50.0,50.5,-0.5,48.240,-1.000,49.240,0.000
50.0,50.5,-0.5,48.234,-1.000,49.234,0.000
50.0,50.5,-0.5,48.229,-1.000,49.229,0.000
50.0,50.5,-0.5,48.223,-1.000,49.223,0.000
50.0,50.5,-0.5,48.218,-1.000,49.218,0.000
50.0,50.5,-0.5,48.212,-1.000,49.212,0.000
50.0,50.5,-0.5,48.207,-1.000,49.207,0.000
50.0,50.5,-0.5,48.201,-1.000,49.201,0.000
50.0,50.0,0.0,49.201,0.000,49.201,0.000
50.0,50.5,-0.5,48.196,-1.000,49.196,-0.000
50.0,50.0,0.0,49.196,0.000,49.196,0.000
50.0,50.0,0.0,49.196,0.000,49.196,0.000
50.0,50.0,0.0,49.196,0.000,49.196,0.000
50.0,50.5,-0.5,48.190,-1.000,49.190,-0.000
50.0,50.5,-0.5,48.184,-1.000,49.184,0.000
50.0,50.5,-0.5,48.179,-1.000,49.179,0.000
50.0,50.5,-0.5,48.173,-1.000,49.173,0.000
50.0,50.0,0.0,49.173,0.000,49.173,0.000
50.0,50.5,-0.5,48.168,-1.000,49.168,-0.000
50.0,50.5,-0.5,48.162,-1.000,49.162,0.000
50.0,50.0,0.0,49.162,0.000,49.162,0.000
50.0,50.5,-0.5,48.157,-1.000,49.157,-0.000
50.0,50.0,0.0,49.157,0.000,49.157,0.000
50.0,50.0,0.0,49.157,0.000,49.157,0.000
50.0,50.5,-0.5,48.151,-1.000,49.151,-0.000
50.0,50.5,-0.5,48.146,-1.000,49.146,0.000
50.0,50.5,-0.5,48.140,-1.000,49.140,0.000
50.0,50.0,0.0,49.140,0.000,49.140,0.000
50.0,50.0,0.0,49.140,0.000,49.140,0.000
50.0,50.5,-0.5,48.135,-1.000,49.135,-0.000
50.0,50.0,0.0,49.135,0.000,49.135,0.000
50.0,50.5,-0.5,48.129,-1.000,49.129,-0.000
50.0,50.5,-0.5,48.123,-1.000,49.123,0.000
50.0,50.5,-0.5,48.118,-1.000,49.118,0.000
50.0,50.0,0.0,49.118,0.000,49.118,0.000
50.0,50.5,-0.5,48.112,-1.000,49.112,-0.000
50.0,50.0,0.0,49.112,0.000,49.112,0.000
50.0,50.0,0.0,49.112,0.000,49.112,0.000
50.0,50.5,-0.5,48.107,-1.000,49.107,-0.000
50.0,50.5,-0.5,48.101,-1.000,49.101,0.000
50.0,50.5,-0.5,48.096,-1.000,49.096,0.000
50.0,50.5,-0.5,48.090,-1.000,49.090,0.000
50.0,50.5,-0.5,48.085,-1.000,49.085,0.000
50.0,50.5,-0.5,48.079,-1.000,49.079,0.000
50.0,50.5,-0.5,48.073,-1.000,49.073,0.000
50.0,50.5,-0.5,48.068,-1.000,49.068,0.000
50.0,50.5,-0.5,48.062,-1.000,49.062,0.000
50.0,50.5,-0.5,48.057,-1.000,49.057,0.000
50.0,50.0,0.0,49.057,0.000,49.057,0.000
50.0,50.0,0.0,49.057,0.000,49.057,0.000
50.0,50.0,0.0,49.057,0.000,49.057,0.000
50.0,50.0,0.0,49.057,0.000,49.057,0.000
50.0,50.0,0.0,49.057,0.000,49.057,0.000
50.0,50.0,0.0,49.057,0.000,49.057,0.000
50.0,50.0,0.0,49.057,0.000,49.057,0.000
50.0,50.5,-0.5,48.051,-1.000,49.051,-0.000
50.0,50.5,-0.5,48.046,-1.000,49.046,0.000
50.0,50.5,-0.5,48.040,-1.000,49.040,0.000
50.0,50.5,-0.5,48.035,-1.000,49.035,0.000
50.0,50.0,0.0,49.035,0.000,49.035,0.000
50.0,50.0,0.0,49.035,0.000,49.035,0.000
50.0,50.0,0.0,49.035,0.000,49.035,0.000
50.0,50.0,0.0,49.035,0.000,49.035,0.000
50.0,50.0,0.0,49.035,0.000,49.035,0.000
50.0,50.0,0.0,49.035,0.000,49.035,0.000
50.0,50.0,0.0,49.035,0.000,49.035,0.000
50.0,50.0,0.0,49.035,0.000,49.035,0.000
50.0,50.0,0.0,49.035,0.000,49.035,0.000
50.0,50.0,0.0,49.035,0.000,49.035,0.000
50.0,50.0,0.0,49.035,0.000,49.035,0.000
50.0,50.0,0.0,49.035,0.000,49.035,0.000
50.0,50.0,0.0,49.035,0.000,49.035,0.000
50.0,50.0,0.0,49.035,0.000,49.035,0.000
50.0,50.0,0.0,49.035,0.000,49.035,0.000
50.0,50.0,0.0,49.035,0.000,49.035,0.000
50.0,50.0,0.0,49.035,0.000,49.035,0.000
50.0,50.0,0.0,49.035,0.000,49.035,0.000
50.0,50.0,0.0,49.035,0.000,49.035,0.000
50.0,50.0,0.0,49.035,0.000,49.035,0.000
50.0,50.0,0.0,49.035,0.000,49.035,0.000
50.0,50.0,0.0,49.035,0.000,49.035,0.000
50.0,50.0,0.0,49.035,0.000,49.035,0.000
50.0,50.0,0.0,49.035,0.000,49.035,0.000
50.0,50.0,0.0,49.035,0.000,49.035,0.000
50.0,50.0,0.0,49.035,0.000,49.035,0.000
50.0,50.0,0.0,49.035,0.000,49.035,0.000
50.0,50.0,0.0,49.035,0.000,49.035,0.000
50.0,50.5,-0.5,48.029,-1.000,49.029,-0.000
50.0,50.0,0.0,49.029,0.000,49.029,0.000
50.0,50.5,-0.5,48.024,-1.000,49.024,-0.000
50.0,50.5,-0.5,48.018,-1.000,49.018,0.000
50.0,50.0,0.0,49.018,0.000,49.018,0.000
50.0,50.5,-0.5,48.012,-1.000,49.012,-0.000
50.0,50.5,-0.5,48.007,-1.000,49.007,0.000
50.0,50.5,-0.5,48.001,-1.000,49.001,0.000
50.0,50.5,-0.5,47.996,-1.000,48.996,0.000
50.0,50.5,-0.5,47.990,-1.000,48.990,0.000
50.0,50.5,-0.5,47.985,-1.000,48.985,0.000
50.0,50.5,-0.5,47.979,-1.000,48.979,0.000
50.0,50.5,-0.5,47.974,-1.000,48.974,0.000
50.0,50.5,-0.5,47.968,-1.000,48.968,0.000
50.0,50.0,0.0,48.968,0.000,48.968,0.000
50.0,50.5,-0.5,47.962,-1.000,48.962,-0.000
50.0,50.5,-0.5,47.957,-1.000,48.957,0.000
50.0,50.0,0.0,48.957,0.000,48.957,0.000
50.0,50.5,-0.5,47.951,-1.000,48.951,-0.000
50.0,50.5,-0.5,47.946,-1.000,48.946,0.000
50.0,50.5,-0.5,47.940,-1.000,48.940,0.000
50.0,50.0,0.0,48.940,0.000,48.940,0.000
50.0,50.0,0.0,48.940,0.000,48.940,0.000
50.0,50.0,0.0,48.940,0.000,48.940,0.000
50.0,50.0,0.0,48.940,0.000,48.940,0.000
50.0,50.5,-0.5,47.935,-1.000,48.935,-0.000
50.0,50.0,0.0,48.935,0.000,48.935,0.000
50.0,50.0,0.0,48.935,0.000,48.935,0.000
50.0,50.0,0.0,48.935,0.000,48.935,0.000
50.0,50.0,0.0,48.935,0.000,48.935,0.000
50.0,50.0,0.0,48.935,0.000,48.935,0.000
50.0,50.0,0.0,48.935,0.000,48.935,0.000
50.0,50.0,0.0,48.935,0.000,48.935,0.000
50.0,50.0,0.0,48.935,0.000,48.935,0.000
50.0,50.0,0.0,48.935,0.000,48.935,0.000
50.0,50.0,0.0,48.935,0.000,48.935,0.000
50.0,50.0,0.0,48.935,0.000,48.935,0.000
50.0,50.0,0.0,48.935,0.000,48.935,0.000
50.0,50.0,0.0,48.935,0.000,48.935,0.000
50.0,50.0,0.0,48.935,0.000,48.935,0.000
50.0,50.0,0.0,48.935,0.000,48.935,0.000
50.0,50.0,0.0,48.935,0.000,48.935,0.000
50.0,50.0,0.0,48.935,0.000,48.935,0.000
50.0,50.0,0.0,48.935,0.000,48.935,0.000
50.0,50.0,0.0,48.935,0.000,48.935,0.000
50.0,50.0,0.0,48.935,0.000,48.935,0.000
50.0,50.0,0.0,48.935,0.000,48.935,0.000
50.0,50.0,0.0,48.935,0.000,48.935,0.000
50.0,50.0,0.0,48.935,0.000,48.935,0.000
50.0,50.0,0.0,48.935,0.000,48.935,0.000
50.0,50.0,0.0,48.935,0.000,48.935,0.000
50.0,50.0,0.0,48.935,0.000,48.935,0.000
50.0,50.0,0.0,48.935,0.000,48.935,0.000
50.0,50.0,0.0,48.935,0.000,48.935,0.000
50.0,50.0,0.0,48.935,0.000,48.935,0.000
50.0,50.0,0.0,48.935,0.000,48.935,0.000
50.0,50.5,-0.5,47.929,-1.000,48.929,-0.000
50.0,50.0,0.0,48.929,0.000,48.929,0.000
50.0,50.0,0.0,48.929,0.000,48.929,0.000
50.0,50.0,0.0,48.929,0.000,48.929,0.000
50.0,50.0,0.0,48.929,0.000,48.929,0.000
50.0,50.5,-0.5,47.924,-1.000,48.924,-0.000
50.0,50.0,0.0,48.924,0.000,48.924,0.000
50.0,50.0,0.0,48.924,0.000,48.924,0.000
50.0,50.5,-0.5,47.918,-1.000,48.918,-0.000
50.0,50.0,0.0,48.918,0.000,48.918,0.000
50.0,50.5,-0.5,47.913,-1.000,48.913,-0.000
50.0,50.0,0.0,48.913,0.000,48.913,0.000
50.0,50.5,-0.5,47.907,-1.000,48.907,-0.000
50.0,50.0,0.0,48.907,0.000,48.907,0.000
50.0,50.0,0.0,48.907,0.000,48.907,0.000
50.0,50.0,0.0,48.907,0.000,48.907,0.000
50.0,50.0,0.0,48.907,0.000,48.907,0.000
50.0,50.0,0.0,48.907,0.000,48.907,0.000
50.0,50.0,0.0,48.907,0.000,48.907,0.000
50.0,50.0,0.0,48.907,0.000,48.907,0.000
50.0,50.0,0.0,48.907,0.000,48.907,0.000
50.0,50.0,0.0,48.907,0.000,48.907,0.000
50.0,50.0,0.0,48.907,0.000,48.907,0.000
50.0,50.0,0.0,48.907,0.000,48.907,0.000
50.0,50.0,0.0,48.907,0.000,48.907,0.000
50.0,50.5,-0.5,47.901,-1.000,48.901,-0.000
50.0,50.0,0.0,48.901,0.000,48.901,0.000
50.0,50.0,0.0,48.901,0.000,48.901,0.000
50.0,50.5,-0.5,47.896,-1.000,48.896,-0.000
50.0,50.5,-0.5,47.890,-1.000,48.890,0.000
50.0,50.5,-0.5,47.885,-1.000,48.885,0.000
50.0,50.0,0.0,48.885,0.000,48.885,0.000
50.0,50.0,0.0,48.885,0.000,48.885,0.000
50.0,50.0,0.0,48.885,0.000,48.885,0.000
50.0,50.0,0.0,48.885,0.000,48.885,0.000
50.0,50.5,-0.5,47.879,-1.000,48.879,-0.000
50.0,50.0,0.0,48.879,0.000,48.879,0.000
50.0,50.0,0.0,48.879,0.000,48.879,0.000
50.0,50.0,0.0,48.879,0.000,48.879,0.000
50.0,50.0,0.0,48.879,0.000,48.879,0.000
50.0,50.5,-0.5,47.874,-1.000,48.874,-0.000
50.0,50.0,0.0,48.874,0.000,48.874,0.000
50.0,50.0,0.0,48.874,0.000,48.874,0.000
50.0,50.0,0.0,48.874,0.000,48.874,0.000
50.0,50.0,0.0,48.874,0.000,48.874,0.000
50.0,50.0,0.0,48.874,0.000,48.874,0.000
50.0,50.5,-0.5,47.868,-1.000,48.868,-0.000
50.0,50.5,-0.5,47.863,-1.000,48.863,0.000
50.0,50.5,-0.5,47.857,-1.000,48.857,0.000
50.0,50.5,-0.5,47.851,-1.000,48.851,0.000
50.0,50.5,-0.5,47.846,-1.000,48.846,0.000
50.0,50.5,-0.5,47.840,-1.000,48.840,0.000
50.0,50.5,-0.5,47.835,-1.000,48.835,0.000
50.0,50.0,0.0,48.835,0.000,48.835,0.000
50.0,50.0,0.0,48.835,0.000,48.835,0.000
50.0,50.0,0.0,48.835,0.000,48.835,0.000
50.0,50.0,0.0,48.835,0.000,48.835,0.000
50.0,50.5,-0.5,47.829,-1.000,48.829,-0.000
50.0,50.0,0.0,48.829,0.000,48.829,0.000
50.0,50.0,0.0,48.829,0.000,48.829,0.000
50.0,50.5,-0.5,47.824,-1.000,48.824,-0.000
50.0,50.0,0.0,48.824,0.000,48.824,0.000
50.0,50.5,-0.5,47.818,-1.000,48.818,-0.000
50.0,50.5,-0.5,47.813,-1.000,48.813,0.000
50.0,50.0,0.0,48.813,0.000,48.813,0.000
50.0,50.0,0.0,48.813,0.000,48.813,0.000
50.0,50.0,0.0,48.813,0.000,48.813,0.000
50.0,50.0,0.0,48.813,0.000,48.813,0.000
50.0,50.0,0.0,48.813,0.000,48.813,0.000
50.0,50.0,0.0,48.813,0.000,48.813,0.000
50.0,50.0,0.0,48.813,0.000,48.813,0.000
50.0,50.0,0.0,48.813,0.000,48.813,0.000
50.0,50.5,-0.5,47.807,-1.000,48.807,-0.000
50.0,50.5,-0.5,47.802,-1.000,48.802,0.000
50.0,50.5,-0.5,47.796,-1.000,48.796,0.000
50.0,50.5,-0.5,47.790,-1.000,48.790,0.000
50.0,50.5,-0.5,47.785,-1.000,48.785,0.000
50.0,50.5,-0.5,47.779,-1.000,48.779,0.000
50.0,50.5,-0.5,47.774,-1.000,48.774,0.000
50.0,50.5,-0.5,47.768,-1.000,48.768,0.000
50.0,50.5,-0.5,47.763,-1.000,48.763,0.000
50.0,50.5,-0.5,47.757,-1.000,48.757,0.000
50.0,50.5,-0.5,47.752,-1.000,48.752,0.000
50.0,50.5,-0.5,47.746,-1.000,48.746,0.000
50.0,50.5,-0.5,47.740,-1.000,48.740,0.000
50.0,50.5,-0.5,47.735,-1.000,48.735,0.000
50.0,50.5,-0.5,47.729,-1.000,48.729,0.000
50.0,50.5,-0.5,47.724,-1.000,48.724,0.000
50.0,50.5,-0.5,47.718,-1.000,48.718,0.000
50.0,50.5,-0.5,47.713,-1.000,48.713,0.000
50.0,50.5,-0.5,47.707,-1.000,48.707,0.000
50.0,50.5,-0.5,47.702,-1.000,48.702,0.000
50.0,50.5,-0.5,47.696,-1.000,48.696,0.000
50.0,50.5,-0.5,47.691,-1.000,48.691,0.000
50.0,50.5,-0.5,47.685,-1.000,48.685,0.000
50.0,50.5,-0.5,47.679,-1.000,48.679,0.000
50.0,50.5,-0.5,47.674,-1.000,48.674,0.000
50.0,50.5,-0.5,47.668,-1.000,48.668,0.000
50.0,50.5,-0.5,47.663,-1.000,48.663,0.000
50.0,50.5,-0.5,47.657,-1.000,48.657,0.000
50.0,50.5,-0.5,47.652,-1.000,48.652,0.000
50.0,50.5,-0.5,47.646,-1.000,48.646,0.000
50.0,50.5,-0.5,47.641,-1.000,48.641,0.000
50.0,50.5,-0.5,47.635,-1.000,48.635,0.000
50.0,50.5,-0.5,47.629,-1.000,48.629,0.000
50.0,50.5,-0.5,47.624,-1.000,48.624,0.000
50.0,50.5,-0.5,47.618,-1.000,48.618,0.000
50.0,50.5,-0.5,47.613,-1.000,48.613,0.000
50.0,50.5,-0.5,47.607,-1.000,48.607,0.000
50.0,50.5,-0.5,47.602,-1.000,48.602,0.000
50.0,50.5,-0.5,47.596,-1.000,48.596,0.000
50.0,50.5,-0.5,47.591,-1.000,48.591,0.000
50.0,50.5,-0.5,47.585,-1.000,48.585,0.000
50.0,50.5,-0.5,47.580,-1.000,48.580,0.000
50.0,50.5,-0.5,47.574,-1.000,48.574,0.000
50.0,50.5,-0.5,47.568,-1.000,48.568,0.000
50.0,50.5,-0.5,47.563,-1.000,48.563,0.000
50.0,50.5,-0.5,47.557,-1.000,48.557,0.000
50.0,50.5,-0.5,47.552,-1.000,48.552,0.000
50.0,50.5,-0.5,47.546,-1.000,48.546,0.000
50.0,50.5,-0.5,47.541,-1.000,48.541,0.000
50.0,50.5,-0.5,47.535,-1.000,48.535,0.000
50.0,50.5,-0.5,47.530,-1.000,48.530,0.000
50.0,50.5,-0.5,47.524,-1.000,48.524,0.000
50.0,50.5,-0.5,47.518,-1.000,48.518,0.000
50.0,50.5,-0.5,47.513,-1.000,48.513,0.000
50.0,50.5,-0.5,47.507,-1.000,48.507,0.000
50.0,50.5,-0.5,47.502,-1.000,48.502,0.000
50.0,50.5,-0.5,47.496,-1.000,48.496,0.000
50.0,50.5,-0.5,47.491,-1.000,48.491,0.000
50.0,50.5,-0.5,47.485,-1.000,48.485,0.000
50.0,50.5,-0.5,47.480,-1.000,48.480,0.000
50.0,50.5,-0.5,47.474,-1.000,48.474,0.000
50.0,50.5,-0.5,47.469,-1.000,48.469,0.000
50.0,50.5,-0.5,47.463,-1.000,48.463,0.000
50.0,50.5,-0.5,47.457,-1.000,48.457,0.000
50.0,50.5,-0.5,47.452,-1.000,48.452,0.000
50.0,50.5,-0.5,47.446,-1.000,48.446,0.000
50.0,50.5,-0.5,47.441,-1.000,48.441,0.000
50.0,50.5,-0.5,47.435,-1.000,48.435,0.000
50.0,50.5,-0.5,47.430,-1.000,48.430,0.000
50.0,50.5,-0.5,47.424,-1.000,48.424,0.000
50.0,50.5,-0.5,47.419,-1.000,48.419,0.000
50.0,50.5,-0.5,47.413,-1.000,48.413,0.000
50.0,50.5,-0.5,47.407,-1.000,48.407,0.000
50.0,50.5,-0.5,47.402,-1.000,48.402,0.000
50.0,50.5,-0.5,47.396,-1.000,48.396,0.000
50.0,50.5,-0.5,47.391,-1.000,48.391,0.000
50.0,50.5,-0.5,47.385,-1.000,48.385,0.000
50.0,50.5,-0.5,47.380,-1.000,48.380,0.000
50.0,50.5,-0.5,47.374,-1.000,48.374,0.000
50.0,50.5,-0.5,47.369,-1.000,48.369,0.000
50.0,50.5,-0.5,47.363,-1.000,48.363,0.000
50.0,50.5,-0.5,47.358,-1.000,48.358,0.000
50.0,50.5,-0.5,47.352,-1.000,48.352,0.000
50.0,50.5,-0.5,47.346,-1.000,48.346,0.000
50.0,50.5,-0.5,47.341,-1.000,48.341,0.000
50.0,50.5,-0.5,47.335,-1.000,48.335,0.000
50.0,50.5,-0.5,47.330,-1.000,48.330,0.000
50.0,50.5,-0.5,47.324,-1.000,48.324,0.000
50.0,50.5,-0.5,47.319,-1.000,48.319,0.000
50.0,50.5,-0.5,47.313,-1.000,48.313,0.000
50.0,50.5,-0.5,47.308,-1.000,48.308,0.000
50.0,50.5,-0.5,47.302,-1.000,48.302,0.000
50.0,50.5,-0.5,47.296,-1.000,48.296,0.000
50.0,50.5,-0.5,47.291,-1.000,48.291,0.000
50.0,50.5,-0.5,47.285,-1.000,48.285,0.000
50.0,50.5,-0.5,47.280,-1.000,48.280,0.000
50.0,50.5,-0.5,47.274,-1.000,48.274,0.000
50.0,50.5,-0.5,47.269,-1.000,48.269,0.000
50.0,50.5,-0.5,47.263,-1.000,48.263,0.000
50.0,50.5,-0.5,47.258,-1.000,48.258,0.000
50.0,50.5,-0.5,47.252,-1.000,48.252,0.000
50.0,50.5,-0.5,47.247,-1.000,48.247,0.000
50.0,50.5,-0.5,47.241,-1.000,48.241,0.000
50.0,50.5,-0.5,47.235,-1.000,48.235,0.000
50.0,50.5,-0.5,47.230,-1.000,48.230,0.000
50.0,50.5,-0.5,47.224,-1.000,48.224,0.000
50.0,50.5,-0.5,47.219,-1.000,48.219,0.000
50.0,50.5,-0.5,47.213,-1.000,48.213,0.000
50.0,50.5,-0.5,47.208,-1.000,48.208,0.000
50.0,50.5,-0.5,47.202,-1.000,48.202,0.000
50.0,50.5,-0.5,47.197,-1.000,48.197,0.000
50.0,50.5,-0.5,47.191,-1.000,48.191,0.000
50.0,50.5,-0.5,47.185,-1.000,48.185,0.000
50.0,50.5,-0.5,47.180,-1.000,48.180,0.000
50.0,50.5,-0.5,47.174,-1.000,48.174,0.000
50.0,50.5,-0.5,47.169,-1.000,48.169,0.000
50.0,50.5,-0.5,47.163,-1.000,48.163,0.000
50.0,50.5,-0.5,47.158,-1.000,48.158,0.000
50.0,50.5,-0.5,47.152,-1.000,48.152,0.000
50.0,50.5,-0.5,47.147,-1.000,48.147,0.000
50.0,50.5,-0.5,47.141,-1.000,48.141,0.000
50.0,50.5,-0.5,47.136,-1.000,48.136,0.000
50.0,50.5,-0.5,47.130,-1.000,48.130,0.000
50.0,50.5,-0.5,47.124,-1.000,48.124,0.000
50.0,50.5,-0.5,47.119,-1.000,48.119,0.000
50.0,50.5,-0.5,47.113,-1.000,48.113,0.000
50.0,50.5,-0.5,47.108,-1.000,48.108,0.000
50.0,50.5,-0.5,47.102,-1.000,48.102,0.000
50.0,50.5,-0.5,47.097,-1.000,48.097,0.000
50.0,50.5,-0.5,47.091,-1.000,48.091,0.000
50.0,50.5,-0.5,47.086,-1.000,48.086,0.000
50.0,50.5,-0.5,47.080,-1.000,48.080,0.000
50.0,50.5,-0.5,47.074,-1.000,48.074,0.000
50.0,50.5,-0.5,47.069,-1.000,48.069,0.000
50.0,50.5,-0.5,47.063,-1.000,48.063,0.000
50.0,50.5,-0.5,47.058,-1.000,48.058,0.000
50.0,50.5,-0.5,47.052,-1.000,48.052,0.000
50.0,50.5,-0.5,47.047,-1.000,48.047,0.000
50.0,50.5,-0.5,47.041,-1.000,48.041,0.000
50.0,50.5,-0.5,47.036,-1.000,48.036,0.000
50.0,50.5,-0.5,47.030,-1.000,48.030,0.000
50.0,50.5,-0.5,47.025,-1.000,48.025,0.000
50.0,50.5,-0.5,47.019,-1.000,48.019,0.000
50.0,50.5,-0.5,47.013,-1.000,48.013,0.000
50.0,50.5,-0.5,47.008,-1.000,48.008,0.000
50.0,50.5,-0.5,47.002,-1.000,48.002,0.000
50.0,50.5,-0.5,46.997,-1.000,47.997,0.000
50.0,50.5,-0.5,46.991,-1.000,47.991,0.000
50.0,50.5,-0.5,46.986,-1.000,47.986,0.000
50.0,50.5,-0.5,46.980,-1.000,47.980,0.000
50.0,50.5,-0.5,46.975,-1.000,47.975,0.000
50.0,50.5,-0.5,46.969,-1.000,47.969,0.000
50.0,50.5,-0.5,46.963,-1.000,47.963,0.000
50.0,50.5,-0.5,46.958,-1.000,47.958,0.000
50.0,50.5,-0.5,46.952,-1.000,47.952,0.000
50.0,50.5,-0.5,46.947,-1.000,47.947,0.000
50.0,50.5,-0.5,46.941,-1.000,47.941,0.000
50.0,50.5,-0.5,46.936,-1.000,47.936,0.000
50.0,50.5,-0.5,46.930,-1.000,47.930,0.000
50.0,50.5,-0.5,46.925,-1.000,47.925,0.000
50.0,50.5,-0.5,46.919,-1.000,47.919,0.000
50.0,50.5,-0.5,46.913,-1.000,47.913,0.000
50.0,50.5,-0.5,46.908,-1.000,47.908,0.000
50.0,50.5,-0.5,46.902,-1.000,47.902,0.000
50.0,50.5,-0.5,46.897,-1.000,47.897,0.000
50.0,50.5,-0.5,46.891,-1.000,47.891,0.000
50.0,50.5,-0.5,46.886,-1.000,47.886,0.000
50.0,50.5,-0.5,46.880,-1.000,47.880,0.000
50.0,50.5,-0.5,46.875,-1.000,47.875,0.000
50.0,50.5,-0.5,46.869,-1.000,47.869,0.000
50.0,50.5,-0.5,46.864,-1.000,47.864,0.000
50.0,50.5,-0.5,46.858,-1.000,47.858,0.000
50.0,50.5,-0.5,46.852,-1.000,47.852,0.000
50.0,50.5,-0.5,46.847,-1.000,47.847,0.000
50.0,50.5,-0.5,46.841,-1.000,47.841,0.000
50.0,50.5,-0.5,46.836,-1.000,47.836,0.000
50.0,50.5,-0.5,46.830,-1.000,47.830,0.000
50.0,50.5,-0.5,46.825,-1.000,47.825,0.000
50.0,50.5,-0.5,46.819,-1.000,47.819,0.000
50.0,50.5,-0.5,46.814,-1.000,47.814,0.000
50.0,50.5,-0.5,46.808,-1.000,47.808,0.000
50.0,50.5,-0.5,46.802,-1.000,47.802,0.000
50.0,50.5,-0.5,46.797,-1.000,47.797,0.000
50.0,50.5,-0.5,46.791,-1.000,47.791,0.000
50.0,50.5,-0.5,46.786,-1.000,47.786,0.000
50.0,50.5,-0.5,46.780,-1.000,47.780,0.000
50.0,50.5,-0.5,46.775,-1.000,47.775,0.000
50.0,50.5,-0.5,46.769,-1.000,47.769,0.000
50.0,50.5,-0.5,46.764,-1.000,47.764,0.000
50.0,50.5,-0.5,46.758,-1.000,47.758,0.000
50.0,50.5,-0.5,46.753,-1.000,47.753,0.000
50.0,50.5,-0.5,46.747,-1.000,47.747,0.000
50.0,50.5,-0.5,46.741,-1.000,47.741,0.000
50.0,50.5,-0.5,46.736,-1.000,47.736,0.000
50.0,50.5,-0.5,46.730,-1.000,47.730,0.000
50.0,50.5,-0.5,46.725,-1.000,47.725,0.000
50.0,50.5,-0.5,46.719,-1.000,47.719,0.000
50.0,50.5,-0.5,46.714,-1.000,47.714,0.000
50.0,50.5,-0.5,46.708,-1.000,47.708,0.000
50.0,50.5,-0.5,46.703,-1.000,47.703,0.000
50.0,50.5,-0.5,46.697,-1.000,47.697,0.000
50.0,50.5,-0.5,46.691,-1.000,47.691,0.000
50.0,50.5,-0.5,46.686,-1.000,47.686,0.000
50.0,50.5,-0.5,46.680,-1.000,47.680,0.000
50.0,50.5,-0.5,46.675,-1.000,47.675,0.000
50.0,50.5,-0.5,46.669,-1.000,47.669,0.000
50.0,50.5,-0.5,46.664,-1.000,47.664,0.000
50.0,50.5,-0.5,46.658,-1.000,47.658,0.000
50.0,50.5,-0.5,46.653,-1.000,47.653,0.000
50.0,50.5,-0.5,46.647,-1.000,47.647,0.000
50.0,50.5,-0.5,46.642,-1.000,47.642,0.000
50.0,50.5,-0.5,46.636,-1.000,47.636,0.000
50.0,50.5,-0.5,46.630,-1.000,47.630,0.000
50.0,50.5,-0.5,46.625,-1.000,47.625,0.000
50.0,50.5,-0.5,46.619,-1.000,47.619,0.000
50.0,50.5,-0.5,46.614,-1.000,47.614,0.000
50.0,50.5,-0.5,46.608,-1.000,47.608,0.000
50.0,50.5,-0.5,46.603,-1.000,47.603,0.000
50.0,50.5,-0.5,46.597,-1.000,47.597,0.000
50.0,50.5,-0.5,46.592,-1.000,47.592,0.000
50.0,50.5,-0.5,46.586,-1.000,47.586,0.000
50.0,50.5,-0.5,46.580,-1.000,47.580,0.000
50.0,50.5,-0.5,46.575,-1.000,47.575,0.000
50.0,50.5,-0.5,46.569,-1.000,47.569,0.000
50.0,50.5,-0.5,46.564,-1.000,47.564,0.000
50.0,50.5,-0.5,46.558,-1.000,47.558,0.000
50.0,50.5,-0.5,46.553,-1.000,47.553,0.000
50.0,50.5,-0.5,46.547,-1.000,47.547,0.000
50.0,50.5,-0.5,46.542,-1.000,47.542,0.000
50.0,50.5,-0.5,46.536,-1.000,47.536,0.000
50.0,50.5,-0.5,46.531,-1.000,47.531,0.000
50.0,50.5,-0.5,46.525,-1.000,47.525,0.000
50.0,50.5,-0.5,46.519,-1.000,47.519,0.000
50.0,50.5,-0.5,46.514,-1.000,47.514,0.000
50.0,50.5,-0.5,46.508,-1.000,47.508,0.000
50.0,50.5,-0.5,46.503,-1.000,47.503,0.000
50.0,50.5,-0.5,46.497,-1.000,47.497,0.000
50.0,50.5,-0.5,46.492,-1.000,47.492,0.000
50.0,50.5,-0.5,46.486,-1.000,47.486,0.000
50.0,50.5,-0.5,46.481,-1.000,47.481,0.000
50.0,50.5,-0.5,46.475,-1.000,47.475,0.000
50.0,50.5,-0.5,46.469,-1.000,47.469,0.000
50.0,50.5,-0.5,46.464,-1.000,47.464,0.000
50.0,50.5,-0.5,46.458,-1.000,47.458,0.000
50.0,50.5,-0.5,46.453,-1.000,47.453,0.000
50.0,50.5,-0.5,46.447,-1.000,47.447,0.000
50.0,50.5,-0.5,46.442,-1.000,47.442,0.000
50.0,50.5,-0.5,46.436,-1.000,47.436,0.000
50.0,50.5,-0.5,46.431,-1.000,47.431,0.000
50.0,50.5,-0.5,46.425,-1.000,47.425,0.000
50.0,50.5,-0.5,46.420,-1.000,47.420,0.000
50.0,50.5,-0.5,46.414,-1.000,47.414,0.000
50.0,50.0,0.0,47.414,0.000,47.414,0.000
50.0,50.5,-0.5,46.408,-1.000,47.408,-0.000
50.0,50.0,0.0,47.408,0.000,47.408,0.000
50.0,50.5,-0.5,46.403,-1.000,47.403,-0.000
50.0,50.5,-0.5,46.397,-1.000,47.397,0.000
50.0,50.5,-0.5,46.392,-1.000,47.392,0.000
50.0,50.5,-0.5,46.386,-1.000,47.386,0.000
50.0,50.5,-0.5,46.381,-1.000,47.381,0.000
50.0,50.5,-0.5,46.375,-1.000,47.375,0.000
50.0,50.5,-0.5,46.370,-1.000,47.370,0.000
50.0,50.5,-0.5,46.364,-1.000,47.364,0.000
50.0,50.5,-0.5,46.358,-1.000,47.358,0.000
50.0,50.0,0.0,47.358,0.000,47.358,0.000
50.0,50.5,-0.5,46.353,-1.000,47.353,-0.000
50.0,50.5,-0.5,46.347,-1.000,47.347,0.000
50.0,50.5,-0.5,46.342,-1.000,47.342,0.000
50.0,50.0,0.0,47.342,0.000,47.342,0.000
50.0,50.5,-0.5,46.336,-1.000,47.336,-0.000
50.0,50.5,-0.5,46.331,-1.000,47.331,0.000
50.0,50.5,-0.5,46.325,-1.000,47.325,0.000
50.0,50.5,-0.5,46.320,-1.000,47.320,0.000
50.0,50.5,-0.5,46.314,-1.000,47.314,0.000
50.0,50.0,0.0,47.314,0.000,47.314,0.000
50.0,50.5,-0.5,46.309,-1.000,47.309,-0.000
50.0,50.5,-0.5,46.303,-1.000,47.303,0.000
50.0,50.5,-0.5,46.297,-1.000,47.297,0.000
50.0,50.5,-0.5,46.292,-1.000,47.292,0.000
50.0,50.5,-0.5,46.286,-1.000,47.286,0.000
50.0,50.0,0.0,47.286,0.000,47.286,0.000
50.0,50.0,0.0,47.286,0.000,47.286,0.000
50.0,50.0,0.0,47.286,0.000,47.286,0.000
50.0,50.0,0.0,47.286,0.000,47.286,0.000
50.0,50.0,0.0,47.286,0.000,47.286,0.000
50.0,50.0,0.0,47.286,0.000,47.286,0.000
50.0,50.0,0.0,47.286,0.000,47.286,0.000
50.0,50.0,0.0,47.286,0.000,47.286,0.000
50.0,50.0,0.0,47.286,0.000,47.286,0.000
50.0,50.0,0.0,47.286,0.000,47.286,0.000
50.0,50.0,0.0,47.286,0.000,47.286,0.000
50.0,50.0,0.0,47.286,0.000,47.286,0.000
50.0,50.0,0.0,47.286,0.000,47.286,0.000
50.0,50.0,0.0,47.286,0.000,47.286,0.000
50.0,50.0,0.0,47.286,0.000,47.286,0.000
50.0,50.0,0.0,47.286,0.000,47.286,0.000
50.0,50.0,0.0,47.286,0.000,47.286,0.000
50.0,50.0,0.0,47.286,0.000,47.286,0.000
50.0,50.0,0.0,47.286,0.000,47.286,0.000
50.0,50.0,0.0,47.286,0.000,47.286,0.000
50.0,50.0,0.0,47.286,0.000,47.286,0.000
50.0,50.0,0.0,47.286,0.000,47.286,0.000
50.0,50.0,0.0,47.286,0.000,47.286,0.000
50.0,50.0,0.0,47.286,0.000,47.286,0.000
50.0,50.0,0.0,47.286,0.000,47.286,0.000
50.0,50.0,0.0,47.286,0.000,47.286,0.000
50.0,50.0,0.0,47.286,0.000,47.286,0.000
50.0,50.0,0.0,47.286,0.000,47.286,0.000
50.0,50.0,0.0,47.286,0.000,47.286,0.000
50.0,50.0,0.0,47.286,0.000,47.286,0.000
50.0,50.0,0.0,47.286,0.000,47.286,0.000
50.0,50.0,0.0,47.286,0.000,47.286,0.000
50.0,50.5,-0.5,46.281,-1.000,47.281,-0.000
50.0,50.5,-0.5,46.275,-1.000,47.275,0.000
50.0,50.5,-0.5,46.270,-1.000,47.270,0.000
50.0,50.5,-0.5,46.264,-1.000,47.264,0.000
50.0,50.5,-0.5,46.259,-1.000,47.259,0.000
50.0,50.5,-0.5,46.253,-1.000,47.253,0.000
50.0,50.5,-0.5,46.247,-1.000,47.247,0.000
50.0,50.5,-0.5,46.242,-1.000,47.242,0.000
50.0,50.0,0.0,47.242,0.000,47.242,0.000
50.0,50.0,0.0,47.242,0.000,47.242,0.000
50.0,50.0,0.0,47.242,0.000,47.242,0.000
50.0,50.0,0.0,47.242,0.000,47.242,0.000
50.0,50.0,0.0,47.242,0.000,47.242,0.000
50.0,50.0,0.0,47.242,0.000,47.242,0.000
50.0,50.0,0.0,47.242,0.000,47.242,0.000
50.0,50.0,0.0,47.242,0.000,47.242,0.000
50.0,50.0,0.0,47.242,0.000,47.242,0.000
50.0,50.0,0.0,47.242,0.000,47.242,0.000
50.0,50.0,0.0,47.242,0.000,47.242,0.000
50.0,50.0,0.0,47.242,0.000,47.242,0.000
50.0,50.0,0.0,47.242,0.000,47.242,0.000
50.0,50.0,0.0,47.242,0.000,47.242,0.000
50.0,50.0,0.0,47.242,0.000,47.242,0.000
50.0,50.0,0.0,47.242,0.000,47.242,0.000
50.0,50.0,0.0,47.242,0.000,47.242,0.000
50.0,50.0,0.0,47.242,0.000,47.242,0.000
50.0,50.0,0.0,47.242,0.000,47.242,0.000
50.0,50.0,0.0,47.242,0.000,47.242,0.000
50.0,50.0,0.0,47.242,0.000,47.242,0.000
50.0,50.0,0.0,47.242,0.000,47.242,0.000
50.0,50.0,0.0,47.242,0.000,47.242,0.000
50.0,50.0,0.0,47.242,0.000,47.242,0.000
50.0,50.0,0.0,47.242,0.000,47.242,0.000
50.0,50.0,0.0,47.242,0.000,47.242,0.000
50.0,50.0,0.0,47.242,0.000,47.242,0.000
50.0,50.0,0.0,47.242,0.000,47.242,0.000
50.0,50.0,0.0,47.242,0.000,47.242,0.000
50.0,50.0,0.0,47.242,0.000,47.242,0.000
50.0,50.0,0.0,47.242,0.000,47.242,0.000
50.0,50.0,0.0,47.242,0.000,47.242,0.000
50.0,50.0,0.0,47.242,0.000,47.242,0.000
50.0,50.0,0.0,47.242,0.000,47.242,0.000
50.0,50.0,0.0,47.242,0.000,47.242,0.000
50.0,50.0,0.0,47.242,0.000,47.242,0.000
50.0,50.0,0.0,47.242,0.000,47.242,0.000
50.0,50.0,0.0,47.242,0.000,47.242,0.000
50.0,50.0,0.0,47.242,0.000,47.242,0.000
50.0,50.0,0.0,47.242,0.000,47.242,0.000
50.0,50.0,0.0,47.242,0.000,47.242,0.000
50.0,50.0,0.0,47.242,0.000,47.242,0.000
50.0,50.0,0.0,47.242,0.000,47.242,0.000
50.0,50.0,0.0,47.242,0.000,47.242,0.000
50.0,50.0,0.0,47.242,0.000,47.242,0.000
50.0,50.0,0.0,47.242,0.000,47.242,0.000
50.0,50.0,0.0,47.242,0.000,47.242,0.000
50.0,50.0,0.0,47.242,0.000,47.242,0.000
50.0,50.0,0.0,47.242,0.000,47.242,0.000
50.0,50.0,0.0,47.242,0.000,47.242,0.000
50.0,50.0,0.0,47.242,0.000,47.242,0.000
50.0,50.0,0.0,47.242,0.000,47.242,0.000
50.0,50.0,0.0,47.242,0.000,47.242,0.000
50.0,50.0,0.0,47.242,0.000,47.242,0.000
50.0,50.0,0.0,47.242,0.000,47.242,0.000
50.0,50.0,0.0,47.242,0.000,47.242,0.000
50.0,50.0,0.0,47.242,0.000,47.242,0.000
50.0,50.0,0.0,47.242,0.000,47.242,0.000
50.0,50.0,0.0,47.242,0.000,47.242,0.000
50.0,50.0,0.0,47.242,0.000,47.242,0.000
50.0,50.0,0.0,47.242,0.000,47.242,0.000
50.0,50.0,0.0,47.242,0.000,47.242,0.000
50.0,50.0,0.0,47.242,0.000,47.242,0.000
50.0,50.0,0.0,47.242,0.000,47.242,0.000
50.0,50.0,0.0,47.242,0.000,47.242,0.000
50.0,50.0,0.0,47.242,0.000,47.242,0.000
50.0,50.0,0.0,47.242,0.000,47.242,0.000
50.0,50.0,0.0,47.242,0.000,47.242,0.000
50.0,50.0,0.0,47.242,0.000,47.242,0.000
50.0,50.0,0.0,47.242,0.000,47.242,0.000
50.0,50.0,0.0,47.242,0.000,47.242,0.000
50.0,50.0,0.0,47.242,0.000,47.242,0.000
50.0,50.0,0.0,47.242,0.000,47.242,0.000
50.0,50.0,0.0,47.242,0.000,47.242,0.000
50.0,50.0,0.0,47.242,0.000,47.242,0.000
50.0,50.0,0.0,47.242,0.000,47.242,0.000
50.0,50.0,0.0,47.242,0.000,47.242,0.000
50.0,50.0,0.0,47.242,0.000,47.242,0.000
50.0,50.5,-0.5,46.236,-1.000,47.236,-0.000
50.0,50.0,0.0,47.236,0.000,47.236,0.000
50.0,50.0,0.0,47.236,0.000,47.236,0.000
50.0,50.0,0.0,47.236,0.000,47.236,0.000
50.0,50.0,0.0,47.236,0.000,47.236,0.000
50.0,50.5,-0.5,46.231,-1.000,47.231,-0.000
50.0,50.0,0.0,47.231,0.000,47.231,0.000
50.0,50.5,-0.5,46.225,-1.000,47.225,-0.000
50.0,50.0,0.0,47.225,0.000,47.225,0.000
50.0,50.5,-0.5,46.220,-1.000,47.220,-0.000
50.0,50.0,0.0,47.220,0.000,47.220,0.000
50.0,50.0,0.0,47.220,0.000,47.220,0.000
50.0,50.5,-0.5,46.214,-1.000,47.214,-0.000
50.0,50.5,-0.5,46.209,-1.000,47.209,0.000
50.0,50.5,-0.5,46.203,-1.000,47.203,0.000
50.0,50.5,-0.5,46.198,-1.000,47.198,0.000
50.0,50.5,-0.5,46.192,-1.000,47.192,0.000
50.0,50.5,-0.5,46.186,-1.000,47.186,0.000
50.0,50.5,-0.5,46.181,-1.000,47.181,0.000
50.0,50.5,-0.5,46.175,-1.000,47.175,0.000
50.0,50.5,-0.5,46.170,-1.000,47.170,0.000
